;;;;;;;;
Popolazione residente immigrata per sezione e luogo di immigrazione -  Maschi;;;;;;;;(a)
al 31 Dicembre 2010;;;;;;;;
Sezioni 2001 (b);1. Comuni della provincia Bologna;2. Altre province Emilia-Romagna;3. Italia nord occidentale;4. Italia nord orientale;5. Italia centrale;6. Italia meridionale e insulare;7. Stati esteri;Totale
0001;11;26;;3;;2;8;50
0002;1;;;;;;;1
0003;;;;;;;;
0004;17;2;;2;1;;4;26
0005;4;;;;;;;4
0006;8;1;;;1;;2;12
0007;3;;;;;;;3
0008;2;;;;1;;;3
0009;1;;;;;1;;2
0010;10;4;1;;;4;2;21
0011;1;;;;;1;;2
0012;63;11;1;1;3;18;21;118
0013;14;4;4;;2;8;11;43
0014;5;1;;;;;1;7
0015;6;1;;;1;;6;14
0016;4;;;;;;;4
0017;12;2;;;;;2;16
0018;4;;;;;;;4
0019;6;;;;;;;6
0020;3;;2;;;;;5
0021;6;2;;;;2;1;11
0022;1;;;;;;;1
0023;;;;;;1;;1
0024;7;;;;;;;7
0025;;5;;1;;2;;8
0026;1;1;;;;3;;5
0027;2;1;2;;1;2;;8
0028;;1;;;;;;1
0029;2;;1;2;1;3;;9
0030;3;;;;;;;3
0031;7;1;1;;1;7;2;19
0032;;;;;;;;
0033;6;;;;;2;;8
0034;;;;;;;2;2
0035;;;;;;;;
0036;1;;;;;;;1
0037;;;;;;;;
0038;2;2;;;;;;4
0039;17;7;2;2;1;7;3;39
0040;;;;;;;;
0041;14;1;;;;1;1;17
0042;6;4;3;;1;11;10;35
0043;13;2;;;1;1;;17
0044;;;;;;;;
0045;;;;;;;1;1
0046;;1;;;;;;1
0047;3;1;1;;;1;;6
0048;;;;;;;;
0049;;2;;;;;;2
0050;3;;1;;;5;1;10
0051;;;;;;;;
0052;5;1;;;1;3;3;13
0053;13;3;2;;1;3;2;24
0054;8;;1;;;1;1;11
0055;1;;;;;;;1
0056;;;;;;;;
0057;;;;;;;;
0058;23;1;1;1;2;3;2;33
0059;11;3;2;1;1;4;2;24
0060;104;15;3;4;8;33;25;192
0061;1;1;;;1;;;3
0062;89;15;7;7;14;48;25;205
0063;19;5;;1;1;6;1;33
0064;30;9;4;2;;11;;56
0065;28;2;;;1;17;24;72
0066;1;;;;;;;1
0067;14;4;1;;;7;6;32
0068;1;;;;;;;1
0069;73;10;4;4;4;29;34;158
0070;45;13;3;1;6;20;22;110
0071;21;5;1;2;;5;4;38
0072;1;1;;;;;1;3
0073;6;1;;;;;;7
0074;9;1;;;3;;1;14
0075;;;;;;;;
0076;27;3;1;2;1;3;7;44
0077;65;8;1;3;4;12;14;107
0078;34;10;1;1;3;9;9;67
0079;89;22;4;4;7;16;16;158
0080;;;;;;;;
0081;60;8;8;1;3;16;5;101
0082;67;13;;1;;13;5;99
0083;;;;;;;;
0084;;;;;;;;
0085;;;;;;;;
0086;;;;;;;;
0087;10;;1;1;;3;;15
0088;22;5;2;;1;6;10;46
0089;10;2;;;2;1;4;19
0090;36;3;4;1;2;11;19;76
0091;17;1;;;1;2;2;23
0092;6;1;;;;;5;12
0093;20;2;1;;5;6;10;44
0094;13;3;2;;1;5;9;33
0095;14;3;1;1;2;5;4;30
0096;15;3;1;1;1;6;6;33
0097;52;9;9;4;4;33;19;130
0098;58;15;3;2;3;16;18;115
0099;26;4;2;;1;5;5;43
0100;18;10;2;1;2;8;5;46
0101;64;11;1;3;6;13;23;121
0102;1;;;;1;2;3;7
0103;47;11;4;1;5;13;8;89
0104;54;8;2;1;3;11;5;84
0105;30;4;1;;5;4;6;50
0106;1;;;;1;;2;4
0107;72;10;4;4;11;15;15;131
0108;17;6;;;1;10;6;40
0109;46;8;6;1;8;14;26;109
0110;14;3;1;1;;8;6;33
0111;20;2;3;;2;5;1;33
0112;32;;1;1;2;7;5;48
0113;50;7;7;2;13;21;25;125
0114;17;2;1;1;2;4;3;30
0115;14;;1;1;1;10;5;32
0116;22;2;3;2;;17;15;61
0117;55;12;1;1;2;22;14;107
0118;25;5;2;1;;8;4;45
0119;1;1;;;;;;2
0120;44;10;1;2;2;19;15;93
0121;;1;;;;;;1
0122;4;1;;;1;4;9;19
0123;;;;;;;;
0124;43;6;3;1;5;10;11;79
0125;;;;;;;;
0126;;;;;;;;
0127;36;8;4;7;8;38;22;123
0128;;;;;;;;
0129;1;;;;;;;1
0130;30;1;3;2;1;3;3;43
0131;2;2;;;;2;5;11
0132;17;4;;;2;8;8;39
0133;;;;;;;;
0134;13;;;1;;;;14
0135;12;2;3;;1;1;;19
0136;;;;;;;;
0137;6;1;;1;2;2;;12
0138;2;1;1;1;;;;5
0139;7;;;;;1;1;9
0140;76;17;7;2;4;32;49;187
0141;1;;;;;;;1
0142;81;25;3;3;4;44;32;192
0143;21;;1;1;2;5;9;39
0144;3;;;;;1;;4
0145;85;21;1;6;5;33;23;174
0146;58;14;2;6;6;33;26;145
0147;38;8;5;4;1;18;26;100
0148;28;7;3;2;2;5;5;52
0149;47;13;6;3;6;14;9;98
0150;48;9;3;2;3;20;28;113
0151;19;6;2;;;8;1;36
0152;8;3;;;1;1;1;14
0153;82;20;4;2;4;20;47;179
0154;70;16;6;6;7;44;36;185
0155;72;16;2;4;3;15;13;125
0156;;;;;;;;
0157;;;;;;;;
0158;6;;;;;;;6
0159;2;1;;;;;3;6
0160;6;4;;;;;;10
0161;12;8;;;;1;;21
0162;2;;;;;;;2
0163;7;1;;;;;5;13
0164;9;4;;;;3;1;17
0165;2;;;;;4;3;9
0166;;;;;;;;
0167;;;;;;;;
0168;64;8;2;2;1;16;23;116
0169;94;15;8;3;6;23;3;152
0170;3;;;;;;;3
0171;108;21;8;6;14;38;7;202
0172;7;;;;;;1;8
0173;69;17;3;3;3;20;9;124
0174;86;14;6;3;15;45;25;194
0175;3;;;;;;;3
0176;95;21;3;4;4;6;6;139
0177;76;7;4;4;4;8;17;120
0178;13;3;;;1;4;6;27
0179;;;;;;;;
0180;37;9;3;1;1;7;1;59
0181;;;;;;;;
0182;102;15;3;3;6;31;16;176
0183;18;3;2;;3;10;;36
0184;2;;;;;;;2
0185;4;1;;;;;;5
0186;12;2;;;3;1;1;19
0187;1;;;;;;;1
0188;2;;;;;;;2
0189;3;;;;;;;3
0190;;;;;;;;
0191;6;;1;;;;1;8
0192;;;;;;;;
0193;4;;;;;1;4;9
0194;3;1;;1;;1;1;7
0195;2;1;;;;;;3
0196;34;10;1;1;;8;7;61
0197;9;2;;1;;3;1;16
0198;19;4;;1;;1;4;29
0199;16;8;1;;;1;;26
0200;;;;;;;;
0201;5;1;;1;;;;7
0202;3;;;;;;;3
0203;22;2;6;;;5;1;36
0204;1;;;;;;;1
0205;39;13;4;4;2;13;4;79
0206;24;3;2;3;5;7;2;46
0207;;;;;;;;
0208;;;;;;;;
0209;;;;;;;;
0210;;;;;;;;
0211;52;12;4;4;7;13;28;120
0212;36;12;;2;6;14;21;91
0213;12;4;3;;4;8;10;41
0214;14;8;1;2;2;11;13;51
0215;15;5;;;3;1;16;40
0216;24;11;1;2;7;17;22;84
0217;;;;;;;;
0218;;1;;1;;;1;3
0219;13;4;2;1;;5;1;26
0220;3;;;;;;;3
0221;3;;;3;;1;1;8
0222;1;;;;;;7;8
0223;;;;;;;;
0224;;;;;;;;
0225;2;;;;;1;;3
0226;4;1;;;1;3;1;10
0227;;;;;;;;
0228;2;15;2;2;;1;;22
0229;48;10;5;11;6;12;28;120
0230;54;22;6;4;5;26;14;131
0231;18;5;2;;2;10;3;40
0232;18;2;2;2;3;4;3;34
0233;17;8;1;3;1;7;5;42
0234;25;9;3;1;2;8;27;75
0235;10;3;2;2;1;15;7;40
0236;8;4;;;;2;2;16
0237;15;4;;1;4;7;7;38
0238;28;12;4;2;4;13;22;85
0239;32;9;2;;7;18;18;86
0240;17;5;1;;2;10;6;41
0241;33;13;2;1;10;26;40;125
0242;41;17;2;3;16;32;68;179
0243;40;14;5;5;4;36;70;174
0244;7;4;;;1;4;4;20
0245;;;;;;2;;2
0246;4;3;;1;4;4;5;21
0247;27;9;4;9;10;25;32;116
0248;19;10;2;5;5;10;15;66
0249;46;14;9;13;9;31;9;131
0250;10;2;4;2;2;5;20;45
0251;36;11;2;2;12;47;40;150
0252;17;4;1;3;3;10;4;42
0253;;;;;;;;
0254;28;15;4;2;8;20;27;104
0255;24;7;5;7;7;24;11;85
0256;32;22;3;4;11;48;37;157
0257;30;16;6;2;6;27;26;113
0258;43;12;9;1;3;30;21;119
0259;6;2;2;1;2;8;4;25
0260;21;11;1;2;3;15;7;60
0261;43;16;7;3;7;35;17;128
0262;43;16;8;5;8;33;20;133
0263;43;22;3;4;15;34;32;153
0264;18;4;2;;7;7;17;55
0265;39;10;3;3;5;25;31;116
0266;22;14;5;4;1;17;13;76
0267;10;1;2;1;;11;1;26
0268;25;5;1;6;6;17;10;70
0269;54;15;11;8;12;41;41;182
0270;31;29;3;3;8;43;41;158
0271;10;5;2;1;1;16;7;42
0272;25;13;1;1;5;8;13;66
0273;22;4;3;2;1;13;12;57
0274;16;3;2;1;1;11;12;46
0275;6;3;2;4;1;9;9;34
0276;15;10;2;4;5;9;8;53
0277;39;14;2;5;4;40;34;138
0278;6;5;;1;;4;3;19
0279;20;4;3;1;;11;7;46
0280;8;4;1;2;3;7;6;31
0281;39;12;8;2;10;27;20;118
0282;44;13;5;2;5;17;21;107
0283;41;12;4;1;5;20;32;115
0284;22;5;4;1;1;7;11;51
0285;19;7;;3;1;17;12;59
0286;5;2;;1;3;10;9;30
0287;36;15;4;1;6;27;17;106
0288;45;4;4;3;1;16;5;78
0289;23;4;1;1;5;14;9;57
0290;41;15;4;3;14;22;32;131
0291;17;5;3;1;5;13;8;52
0292;;;;;;2;;2
0293;14;4;2;3;10;6;8;47
0294;4;2;;2;1;7;2;18
0295;;;;;;;;
0296;29;9;6;8;12;42;13;119
0297;;;;;;;;
0298;7;3;1;;;5;1;17
0299;;;;;;;;
0300;25;3;2;3;1;15;18;67
0301;21;12;1;;3;16;12;65
0302;3;4;;3;2;2;4;18
0303;50;28;10;8;12;29;50;187
0304;15;10;4;1;2;22;16;70
0305;11;3;1;5;1;11;6;38
0306;51;17;5;4;10;27;32;146
0307;39;18;4;6;5;29;28;129
0308;60;16;7;2;12;41;33;171
0309;44;13;6;1;5;37;43;149
0310;1;1;1;;;;;3
0311;45;5;3;1;5;20;46;125
0312;27;5;1;6;4;11;5;59
0313;34;12;3;;6;18;15;88
0314;6;;;;;2;;8
0315;26;10;2;2;4;14;3;61
0316;35;24;3;1;5;25;28;121
0317;36;14;1;3;6;23;26;109
0318;31;13;3;5;4;25;28;109
0319;30;12;4;;3;16;37;102
0320;;;;;;;;
0321;;;;;;;;
0322;33;12;3;9;9;33;17;116
0323;84;36;13;4;23;81;51;292
0324;43;15;3;;11;35;44;151
0325;68;17;5;7;7;47;44;195
0326;47;13;5;;5;26;28;124
0327;26;12;3;1;7;12;24;85
0328;17;5;1;;1;14;14;52
0329;4;6;1;3;3;8;1;26
0330;8;5;;1;3;12;11;40
0331;18;7;3;2;;10;26;66
0332;25;8;6;1;11;23;24;98
0333;42;19;11;9;6;30;21;138
0334;28;6;2;3;2;16;11;68
0335;26;13;5;1;13;33;53;144
0336;26;10;3;4;6;31;41;121
0337;27;6;7;1;2;30;23;96
0338;19;2;2;2;6;19;15;65
0339;;;;;;;;
0340;19;9;6;4;1;19;7;65
0341;18;8;1;2;6;13;16;64
0342;17;3;1;1;2;17;16;57
0343;;;;;;;;
0344;3;;1;;1;;9;14
0345;7;;3;;;4;23;37
0346;;;;;;;;
0347;17;5;4;5;5;9;14;59
0348;21;9;5;2;4;24;16;81
0349;16;6;3;1;4;16;19;65
0350;8;6;1;;1;11;14;41
0351;16;4;3;;10;19;26;78
0352;24;4;2;3;11;25;7;76
0353;15;9;3;;3;7;5;42
0354;14;6;4;3;3;7;5;42
0355;7;3;1;2;5;15;4;37
0356;29;18;5;2;18;48;16;136
0357;30;4;4;3;6;24;19;90
0358;31;9;3;;11;21;16;91
0359;29;14;7;2;7;23;27;109
0360;32;8;3;1;6;22;12;84
0361;20;4;;1;2;11;28;66
0362;15;7;3;3;1;18;15;62
0363;2;1;;;;;3;6
0364;;;;;;;;
0365;;;;;1;1;;2
0366;8;;;;;4;3;15
0367;3;2;16;;3;;;24
0368;;;;;;;;
0369;3;;;;;2;2;7
0370;8;4;;1;2;3;17;35
0371;7;3;;1;;6;3;20
0372;;;;;;;;
0373;;;;;;;;
0374;;;;;;;;
0375;7;;;;1;1;5;14
0376;33;6;4;3;5;25;21;97
0377;13;2;1;2;;6;9;33
0378;39;3;5;1;1;12;14;75
0379;17;6;3;2;1;7;3;39
0380;12;3;1;;1;5;5;27
0381;8;;1;;;1;;10
0382;49;6;3;3;4;18;9;92
0383;41;6;2;3;4;6;1;63
0384;40;11;4;2;9;6;8;80
0385;6;2;;;;;;8
0386;8;;1;;1;2;;12
0387;7;2;2;;1;3;4;19
0388;3;;;;;;;3
0389;1;;;;;1;;2
0390;9;1;;1;;5;1;17
0391;5;;1;;1;2;;9
0392;18;3;4;2;1;5;23;56
0393;;;;;;;;
0394;21;1;1;1;3;8;16;51
0395;25;5;2;4;2;9;6;53
0396;22;3;2;1;2;11;52;93
0397;32;8;3;2;1;17;17;80
0398;89;17;7;3;4;20;13;153
0399;78;13;5;5;6;20;25;152
0400;51;10;3;2;1;15;22;104
0401;15;1;1;;;6;1;24
0402;39;4;1;3;3;13;9;72
0403;37;6;3;2;3;3;2;56
0404;99;19;6;5;14;20;17;180
0405;75;17;4;4;5;21;17;143
0406;16;1;1;;1;3;7;29
0407;66;11;4;3;3;13;7;107
0408;;;;;;;;
0409;42;5;4;2;2;3;4;62
0410;18;2;1;1;1;10;7;40
0411;28;3;2;;3;5;1;42
0412;51;12;3;1;3;11;19;100
0413;78;21;3;3;2;19;16;142
0414;7;3;;2;1;5;6;24
0415;69;15;1;3;6;24;17;135
0416;22;11;2;3;;5;7;50
0417;71;14;6;2;7;16;24;140
0418;;;;;;;;
0419;13;4;;1;2;8;7;35
0420;1;;;;;;;1
0421;6;3;;2;2;9;1;23
0422;4;;;;;;2;6
0423;7;1;1;;;;;9
0424;1;;;;;;;1
0425;26;14;2;;3;14;17;76
0426;4;1;2;;;1;1;9
0427;;;;;;;;
0428;21;1;1;2;1;14;7;47
0429;2;;;;2;1;;5
0430;13;17;10;5;8;33;7;93
0431;21;5;2;4;;12;3;47
0432;14;1;1;1;;2;1;20
0433;;;;;;;;
0434;4;1;;;;5;1;11
0435;41;5;3;2;4;18;10;83
0436;;;;;;;;
0437;;;;;;;;
0438;1;;;;;;9;10
0439;51;13;3;1;8;32;9;117
0440;;;;;;;;
0441;4;1;;;;1;2;8
0442;51;16;5;2;8;65;4;151
0443;;;;;;;1;1
0444;34;6;3;6;4;16;16;85
0445;2;2;;;1;;;5
0446;5;2;1;;;2;3;13
0447;29;6;;1;1;7;;44
0448;9;7;2;;1;10;1;30
0449;4;;;;;;1;5
0450;4;;;;;;2;6
0451;1;1;;;2;2;;6
0452;107;43;8;11;8;39;20;236
0453;2;;;;;;1;3
0454;3;;1;;;2;6;12
0455;;;;;;1;;1
0456;2;;1;;1;;;4
0457;11;4;3;2;2;5;7;34
0458;7;;;1;1;4;7;20
0459;1;;;;;;;1
0460;11;;;1;;3;5;20
0461;;;;;;;;
0462;1;;;;;;;1
0463;130;32;13;15;15;49;9;263
0464;21;6;1;1;1;14;3;47
0465;25;8;2;;1;5;11;52
0466;33;9;2;1;5;10;13;73
0467;24;7;2;2;6;16;28;85
0468;42;12;1;1;6;21;14;97
0469;51;9;6;1;7;11;8;93
0470;6;;;;1;5;;12
0471;6;2;;;;2;5;15
0472;27;10;3;2;10;20;20;92
0473;9;3;2;1;4;7;1;27
0474;43;7;4;2;5;16;30;107
0475;;;;;;;;
0476;;;;;;;;
0477;5;;4;;;3;3;15
0478;10;;;;1;5;2;18
0479;;;;;;;;
0480;10;1;3;;;6;16;36
0481;50;14;9;4;3;25;4;109
0482;7;1;;1;2;3;;14
0483;5;1;;2;1;4;;13
0484;5;1;;;2;3;;11
0485;57;24;2;4;12;30;14;143
0486;42;9;1;4;3;17;7;83
0487;;;;;;;;
0488;;;;;;;;
0489;2;;;;;;;2
0490;;1;;;;;;1
0491;6;;;2;1;1;;10
0492;;;;;;;;
0493;10;1;;;1;2;2;16
0494;3;1;2;;;1;;7
0495;4;;;;;;;4
0496;7;;2;;;2;3;14
0497;4;;;;;1;;5
0498;;;;;;;;
0499;4;;;;1;;5;10
0500;16;4;1;;;5;2;28
0501;43;5;2;2;3;21;9;85
0502;6;;;;;4;2;12
0503;140;30;9;12;18;69;26;304
0504;4;;;;1;;1;6
0505;;;;;;;;
0506;;;1;;;1;;2
0507;;;;;;;;
0508;3;1;1;;;;;5
0509;3;2;1;;;2;1;9
0510;;;;;;;;
0511;;;;;;;;
0512;1;;;;;;2;3
0513;;;;;;;;
0514;1;1;1;;;1;;4
0515;;1;1;;;;;2
0516;2;;;;;;;2
0517;12;;;;1;;1;14
0518;;;;;;;;
0519;1;;;;;;;1
0520;;;;;;;;
0521;2;;;;3;1;;6
0522;2;3;;;;1;;6
0523;3;1;1;;2;1;3;11
0524;2;;;1;;1;;4
0525;3;;;;;1;;4
0526;3;;;;;2;;5
0527;;;;;;;;
0528;1;2;;;;2;2;7
0529;;;;;;;;
0530;3;1;;;;;3;7
0531;;;;;;;;
0532;;;;;;;;
0533;;;;;;;;
0534;4;8;2;3;1;10;;28
0535;;;;;;;;
0536;82;24;5;4;15;60;38;228
0537;;;;;;;;
0538;2;;;;1;3;;6
0539;42;16;6;7;7;16;2;96
0540;;1;;;;1;;2
0541;3;2;1;;1;1;2;10
0542;5;1;;;;1;1;8
0543;46;9;3;6;10;18;18;110
0544;6;2;1;2;;7;3;21
0545;80;22;12;3;4;38;8;167
0546;23;2;;1;2;20;3;51
0547;32;14;3;2;5;17;20;93
0548;2;3;;;;3;2;10
0549;;;;;;;;
0550;35;10;3;;9;21;13;91
0551;20;10;4;1;2;11;10;58
0552;43;14;4;4;8;30;14;117
0553;58;19;7;3;8;29;18;142
0554;55;9;4;1;11;24;11;115
0555;2;;;;;;;2
0556;2;;;;;2;;4
0557;;;;;;;;
0558;11;3;1;1;1;6;1;24
0559;8;1;1;3;3;7;3;26
0560;2;;;;;;;2
0561;5;;;;;3;;8
0562;40;24;7;3;7;27;26;134
0563;35;7;4;2;4;14;17;83
0564;4;3;;;;1;1;9
0565;1;;;;;;;1
0566;3;;;;1;1;1;6
0567;3;;1;;;;;4
0568;;;;;;;;
0569;8;3;;3;4;6;11;35
0570;15;7;2;1;2;10;11;48
0571;38;16;7;6;6;29;31;133
0572;45;16;6;5;2;14;6;94
0573;33;11;4;2;6;34;23;113
0574;31;8;2;1;5;23;18;88
0575;109;21;10;3;11;19;8;181
0576;50;21;4;6;4;12;8;105
0577;52;16;4;4;6;8;4;94
0578;2;;;;;;2;4
0579;4;2;;;2;3;2;13
0580;3;;1;2;;4;;10
0581;1;1;;;;;;2
0582;;;;;;;;
0583;1;2;;;;1;;4
0584;3;3;;;;3;;9
0585;8;2;;1;1;8;4;24
0586;20;7;3;2;9;12;69;122
0587;13;2;2;;27;10;43;97
0588;9;4;1;2;1;15;9;41
0589;80;14;8;6;7;45;19;179
0590;2;1;;;1;;;4
0591;13;4;2;1;;20;6;46
0592;38;7;5;6;8;52;24;140
0593;;;;;;;;
0594;43;10;1;5;5;19;14;97
0595;78;21;10;3;10;28;13;163
0596;21;6;5;1;3;17;8;61
0597;7;1;2;;;4;;14
0598;52;10;8;5;9;37;18;139
0599;;;;;;;;
0600;2;2;;;;1;1;6
0601;;;;;;;;
0602;;;;;;1;;1
0603;17;10;5;3;4;15;12;66
0604;22;12;5;3;8;24;18;92
0605;;;;;;;;
0606;;;;;;;;
0607;;;;;;;;
0608;17;9;4;4;5;14;8;61
0609;22;9;4;9;9;40;14;107
0610;20;18;4;15;10;33;4;104
0611;;;;;;;;
0612;;;;;;;;
0613;7;4;1;;;4;;16
0614;28;9;3;5;8;29;4;86
0615;22;11;7;7;6;21;4;78
0616;14;4;6;2;5;18;1;50
0617;9;13;;3;8;21;4;58
0618;12;8;7;10;5;10;9;61
0619;30;12;4;2;7;22;12;89
0620;7;6;3;1;2;9;10;38
0621;;;;;;;;
0622;;;;;;;;
0623;6;;;;1;3;;10
0624;;;;;;;;
0625;4;;3;2;1;9;2;21
0626;16;10;2;2;6;26;45;107
0627;28;17;9;4;11;35;9;113
0628;;;;;;;;
0629;9;3;4;1;1;10;5;33
0630;24;7;4;3;7;34;22;101
0631;;;;;;;;
0632;16;6;2;;3;13;7;47
0633;;;;;;;;
0634;26;9;6;7;20;23;12;103
0635;18;1;1;;2;10;9;41
0636;9;4;1;1;4;13;4;36
0637;30;24;10;6;12;39;14;135
0638;18;7;4;;2;15;2;48
0639;1;1;;;;;4;6
0640;;;;;;;;
0641;12;7;3;1;5;8;2;38
0642;4;8;1;4;2;10;;29
0643;7;7;7;;2;10;3;36
0644;21;11;2;4;2;14;2;56
0645;11;5;3;3;3;10;13;48
0646;22;9;9;1;8;21;14;84
0647;16;3;6;;6;20;7;58
0648;1;;;;;;;1
0649;14;7;1;4;7;20;9;62
0650;26;11;9;2;10;29;12;99
0651;21;13;7;9;6;26;14;96
0652;36;16;7;8;10;25;26;128
0653;1;;;1;;1;1;4
0654;6;5;1;;4;4;5;25
0655;5;2;1;;;2;;10
0656;21;12;5;2;5;14;6;65
0657;38;15;8;8;16;17;10;112
0658;;;;;;;;
0659;;;;;;;;
0660;;;;;;;;
0661;30;24;10;8;14;36;13;135
0662;38;11;5;13;13;23;18;121
0663;8;3;5;2;7;5;2;32
0664;8;11;7;5;7;27;1;66
0665;12;11;3;1;7;10;6;50
0666;16;10;7;1;6;7;9;56
0667;20;10;8;8;11;15;21;93
0668;11;4;5;4;6;8;8;46
0669;11;9;2;1;4;16;22;65
0670;21;5;2;4;2;15;19;68
0671;23;8;5;6;19;22;10;93
0672;26;4;7;7;7;28;17;96
0673;15;8;4;3;2;12;7;51
0674;15;7;7;7;8;10;7;61
0675;6;3;1;1;4;5;2;22
0676;11;8;1;3;3;12;1;39
0677;2;9;1;3;4;7;6;32
0678;;;;;;;;
0679;12;3;2;;5;11;4;37
0680;1;;;;;4;;5
0681;22;18;9;6;8;23;13;99
0682;7;6;4;1;2;5;7;32
0683;9;5;5;;5;14;8;46
0684;32;16;11;;9;27;3;98
0685;;;1;2;1;;;4
0686;4;4;1;2;3;4;1;19
0687;3;1;;3;;;3;10
0688;;;;;1;4;2;7
0689;;;;;;;;
0690;5;2;;2;1;7;;17
0691;6;3;5;;4;10;1;29
0692;4;;2;2;1;5;;14
0693;9;3;2;5;4;5;13;41
0694;2;1;1;;;4;4;12
0695;11;2;1;2;1;5;1;23
0696;9;;;1;3;4;2;19
0697;9;6;7;6;10;6;2;46
0698;2;3;;1;1;1;3;11
0699;;;;;1;;4;5
0700;;1;;;;;;1
0701;58;24;4;3;17;28;3;137
0702;11;6;9;5;5;21;1;58
0703;9;1;;1;3;12;2;28
0704;12;1;1;2;3;9;7;35
0705;33;6;5;4;5;15;20;88
0706;;;;;;;;
0707;32;16;3;5;11;27;16;110
0708;11;1;11;4;17;48;;92
0709;;;;;;;;
0710;12;3;1;;;4;1;21
0711;26;3;1;1;2;7;1;41
0712;32;9;1;2;2;11;1;58
0713;14;3;2;1;5;9;20;54
0714;24;17;20;4;15;15;1;96
0715;36;11;5;6;4;24;6;92
0716;6;2;;;4;5;2;19
0717;41;9;3;1;6;19;15;94
0718;16;6;3;2;1;10;5;43
0719;42;16;3;4;10;34;9;118
0720;2;5;5;4;9;12;6;43
0721;39;8;4;7;5;37;24;124
0722;23;3;6;4;2;16;4;58
0723;;;;;;;11;11
0724;22;10;2;4;4;13;17;72
0725;15;2;3;1;4;10;7;42
0726;21;9;5;7;6;16;9;73
0727;25;11;5;4;6;28;14;93
0728;16;3;1;1;3;16;3;43
0729;13;4;1;;8;12;1;39
0730;13;6;1;1;;17;9;47
0731;13;3;2;2;1;13;5;39
0732;18;5;3;6;6;17;15;70
0733;18;7;2;;7;23;15;72
0734;;1;;;;;;1
0735;46;17;8;5;6;18;25;125
0736;52;27;17;4;16;27;15;158
0737;12;2;;1;2;5;;22
0738;30;11;2;3;8;24;38;116
0739;2;;;1;1;1;;5
0740;12;2;2;1;;3;;20
0741;20;5;2;1;2;18;11;59
0742;28;12;1;2;2;18;17;80
0743;25;5;1;2;5;13;5;56
0744;8;1;3;;1;4;2;19
0745;37;12;4;8;8;31;25;125
0746;78;18;5;6;6;41;33;187
0747;41;7;5;;4;14;13;84
0748;21;4;;;5;9;3;42
0749;26;6;2;4;;5;8;51
0750;36;14;1;4;6;25;17;103
0751;9;4;;1;1;5;2;22
0752;23;8;3;2;5;7;3;51
0753;3;;;;;1;;4
0754;37;5;2;;4;22;18;88
0755;22;6;2;2;2;9;1;44
0756;;;;;;;;
0757;;;;;;;;
0758;62;20;5;6;13;62;35;203
0759;30;9;2;1;4;10;2;58
0760;37;11;15;7;7;30;14;121
0761;26;3;3;7;3;26;22;90
0762;;;;;;;;
0763;;;;;;;;
0764;44;13;5;4;14;45;19;144
0765;20;10;6;2;10;47;21;116
0766;33;7;1;4;12;29;13;99
0767;19;7;3;7;5;7;4;52
0768;10;6;;;;9;7;32
0769;;;;;;;;
0770;12;6;5;1;8;23;18;73
0771;18;5;2;1;2;24;5;57
0772;11;;1;1;4;16;7;40
0773;14;5;;;7;28;7;61
0774;24;15;2;6;4;20;26;97
0775;18;6;3;1;3;24;28;83
0776;13;5;2;3;3;20;7;53
0777;14;3;3;2;8;11;8;49
0778;24;4;2;1;4;9;6;50
0779;27;9;3;2;5;9;24;79
0780;40;10;7;2;6;53;21;139
0781;6;2;1;2;2;2;13;28
0782;3;;;;;1;;4
0783;35;23;9;5;6;43;20;141
0784;6;;;;;1;2;9
0785;3;;1;1;;;3;8
0786;73;31;11;2;9;34;21;181
0787;50;8;4;4;9;28;25;128
0788;16;6;;4;4;6;3;39
0789;59;18;4;4;7;26;24;142
0790;65;24;7;4;12;24;33;169
0791;11;;;;2;1;2;16
0792;;;;;;;;
0793;11;1;1;;1;3;4;21
0794;21;5;2;;;5;6;39
0795;13;4;;;1;4;1;23
0796;19;1;2;;2;8;21;53
0797;10;;1;1;1;4;1;18
0798;62;9;3;3;3;6;10;96
0799;10;2;;;1;1;;14
0800;8;;;;;2;1;11
0801;18;4;;1;3;7;2;35
0802;35;2;2;1;;9;;49
0803;41;6;1;3;3;7;4;65
0804;38;10;4;2;3;9;4;70
0805;23;3;;1;3;11;10;51
0806;56;6;3;2;6;19;17;109
0807;18;2;;1;2;5;5;33
0808;38;2;1;1;3;4;13;62
0809;41;9;1;2;5;16;9;83
0810;17;9;2;2;1;12;11;54
0811;17;4;;1;2;4;1;29
0812;22;3;4;1;1;5;2;38
0813;23;6;;1;6;5;17;58
0814;28;2;5;1;1;21;5;63
0815;88;27;8;2;11;22;22;180
0816;112;22;11;6;14;45;40;250
0817;;;;;;;;
0818;66;10;6;3;7;25;30;147
0819;18;2;1;;;3;1;25
0820;24;2;1;2;4;8;8;49
0821;21;6;;1;2;4;5;39
0822;;;;;;;;
0823;17;4;1;2;;3;3;30
0824;22;7;;2;4;21;11;67
0825;13;2;;;2;4;3;24
0826;31;5;2;2;;8;9;57
0827;29;2;2;;3;8;7;51
0828;14;2;;;;1;6;23
0829;41;7;4;1;6;5;5;69
0830;21;7;2;;1;8;8;47
0831;38;4;2;2;3;12;3;64
0832;;;;;;;;
0833;17;3;1;1;3;5;2;32
0834;17;4;;2;7;4;6;40
0835;34;5;3;3;;22;12;79
0836;35;5;1;1;1;5;12;60
0837;20;4;;1;2;7;2;36
0838;27;8;;2;1;19;1;58
0839;38;8;4;2;10;30;19;111
0840;15;1;1;1;4;4;1;27
0841;15;2;2;1;1;13;4;38
0842;20;2;4;2;5;10;9;52
0843;;;;;;;;
0844;62;7;2;3;6;8;14;102
0845;28;5;;;1;7;3;44
0846;;;;;;;;
0847;26;1;;1;;3;3;34
0848;14;;;;2;5;1;22
0849;71;15;4;4;6;22;28;150
0850;8;2;;;;3;5;18
0851;67;12;7;2;7;7;;102
0852;71;19;6;1;7;14;6;124
0853;71;11;5;3;2;22;14;128
0854;51;6;2;4;2;5;1;71
0855;54;5;4;;1;12;1;77
0856;37;8;4;3;4;15;10;81
0857;45;6;7;3;5;5;4;75
0858;104;16;4;6;12;15;10;167
0859;71;20;13;;4;17;4;129
0860;21;2;1;1;2;4;7;38
0861;17;2;1;;;4;1;25
0862;51;7;3;3;6;17;16;103
0863;53;10;4;2;5;12;10;96
0864;;;;;;;1;1
0865;45;10;5;4;1;13;11;89
0866;61;12;1;2;8;23;20;127
0867;9;1;2;;2;;1;15
0868;72;17;8;6;11;24;17;155
0869;35;13;3;4;2;5;7;69
0870;41;7;4;7;3;12;3;77
0871;16;1;;1;1;1;4;24
0872;14;4;1;3;1;10;3;36
0873;32;7;2;2;2;12;6;63
0874;34;7;6;1;1;7;9;65
0875;30;3;3;2;;7;2;47
0876;7;2;2;;3;6;2;22
0877;6;2;1;;;4;4;17
0878;25;2;3;2;4;4;7;47
0879;38;7;3;;6;17;5;76
0880;11;2;2;;3;5;2;25
0881;17;4;;1;1;6;10;39
0882;;;;;;;;
0883;;;;;1;;;1
0884;;;;;;;;
0885;9;;1;;;1;1;12
0886;;1;;;;;;1
0887;;;;;;;;
0888;35;7;2;3;6;28;19;100
0889;;;;;;;;
0890;;;;;;;;
0891;12;1;;1;1;8;2;25
0892;3;1;;;1;8;;13
0893;10;;;2;4;2;;18
0894;2;;;;;;;2
0895;;;;;;;;
0896;22;2;3;1;1;6;2;37
0897;4;1;;;;;;5
0898;27;8;2;2;3;14;11;67
0899;28;7;6;;2;21;26;90
0900;7;1;1;1;1;4;;15
0901;33;10;3;1;6;10;23;86
0902;79;13;6;4;9;41;23;175
0903;61;14;2;3;7;31;30;148
0904;42;7;3;1;2;15;32;102
0905;58;8;;5;6;25;24;126
0906;78;18;7;1;11;34;25;174
0907;27;9;;1;1;22;3;63
0908;98;23;5;5;17;43;20;211
0909;23;6;4;3;3;12;9;60
0910;31;11;3;3;3;27;24;102
0911;36;11;8;2;10;25;30;122
0912;110;24;13;3;18;61;24;253
0913;22;6;;2;2;14;25;71
0914;9;4;3;;1;11;12;40
0915;8;2;1;1;1;7;11;31
0916;7;2;1;;1;2;5;18
0917;58;14;3;2;7;28;36;148
0918;46;14;2;3;6;20;23;114
0919;48;17;5;;8;25;24;127
0920;38;8;3;3;2;10;13;77
0921;73;26;10;4;11;43;31;198
0922;68;11;4;5;8;44;33;173
0923;38;11;3;2;3;33;22;112
0924;12;6;;;1;9;2;30
0925;10;;2;;2;2;4;20
0926;20;10;;2;1;7;8;48
0927;69;12;2;3;9;14;3;112
0928;55;11;4;2;5;32;23;132
0929;13;2;1;3;1;9;3;32
0930;79;23;6;5;12;23;12;160
0931;45;8;6;4;2;28;17;110
0932;36;8;2;1;4;10;9;70
0933;8;1;;;;;4;13
0934;6;;;1;;;;7
0935;8;1;;;;;1;10
0936;3;;;;;;;3
0937;10;2;;2;;4;;18
0938;4;2;;;;1;;7
0939;;;;;;;;
0940;4;1;;;;1;;6
0941;2;1;;;;;;3
0942;;1;;;;;;1
0943;;;;;;;;
0944;2;;;;;;;2
0945;6;1;;;2;2;;11
0946;7;;;;;;;7
0947;;;;;;;;
0948;23;3;2;1;;4;7;40
0949;6;1;;;1;1;;9
0950;;;;;;;;
0951;1;;;;1;;2;4
0952;16;2;;;;;3;21
0953;;;;;;;;
0954;;;;;;;;
0955;;;;;;;;
0956;;;;;;;;
0957;3;;;;;;2;5
0958;4;5;;;;1;;10
0959;1;;;;;1;3;5
0960;;;;;;;;
0961;;;;;;;;
0962;;;1;;;1;;2
0963;;;;;;;;
0964;1;;;;;;;1
0965;;;;;;;;
0966;63;9;6;2;6;22;19;127
0967;9;7;;1;3;3;1;24
0968;;;;;;;;
0969;32;10;;3;7;23;11;86
0970;26;3;1;;2;15;5;52
0971;34;5;5;2;3;15;8;72
0972;;;;;;;;
0973;;;;;;;;
0974;1;;;;;;;1
0975;;;;;;;;
0976;;;;;;;;
0977;;;;;;;;
0978;6;2;2;;1;19;2;32
0979;29;8;2;1;6;28;2;76
0980;17;3;;1;4;8;2;35
0981;1;1;;;1;1;1;5
0982;16;5;1;;2;17;17;58
0983;7;4;3;1;1;11;10;37
0984;33;10;7;5;10;35;8;108
0985;27;14;9;9;4;25;17;105
0986;29;12;1;4;8;26;29;109
0987;3;1;1;1;3;1;8;18
0988;37;15;9;1;4;33;11;110
0989;7;7;2;;;14;4;34
0990;31;24;3;9;13;31;17;128
0991;39;18;11;5;16;33;23;145
0992;35;8;3;1;5;18;30;100
0993;;;;;;;;
0994;19;4;4;1;5;19;5;57
0995;27;7;7;7;13;21;17;99
0996;1;;;;;;;1
0997;33;16;;5;1;11;9;75
0998;34;12;2;1;5;12;7;73
0999;35;9;4;5;6;18;13;90
1000;16;8;4;6;9;21;8;72
1001;38;10;6;4;5;17;21;101
1002;26;11;1;3;5;19;12;77
1003;38;8;5;3;7;27;15;103
1004;32;15;4;6;11;34;38;140
1005;36;11;2;9;6;16;18;98
1006;34;7;2;5;3;37;21;109
1007;32;7;1;;6;16;22;84
1008;22;2;1;1;1;8;1;36
1009;;;;;;;;
1010;12;3;1;3;3;17;17;56
1011;8;5;;;;11;2;26
1012;;;;;;1;;1
1013;27;8;3;3;3;14;14;72
1014;14;;;1;1;9;1;26
1015;43;13;7;7;8;42;30;150
1016;37;12;1;3;7;38;18;116
1017;25;10;2;2;6;21;14;80
1018;22;8;;;2;6;14;52
1019;7;1;1;1;;5;6;21
1020;11;2;;2;;4;;19
1021;15;3;1;;2;3;4;28
1022;10;3;;3;2;12;1;31
1023;14;2;1;2;2;14;8;43
1024;42;17;3;9;5;60;5;141
1025;;;;;;;;
1026;;;;;;;;
1027;3;2;;;1;6;1;13
1028;50;18;5;5;8;56;25;167
1029;41;9;1;2;4;38;29;124
1030;;;;;;;;
1031;11;7;3;2;8;7;4;42
1032;40;10;7;4;6;32;27;126
1033;52;11;1;4;4;17;15;104
1034;11;6;;;1;5;1;24
1035;22;2;;1;3;17;3;48
1036;13;5;1;;3;8;5;35
1037;17;4;2;1;7;18;20;69
1038;30;6;1;;;16;4;57
1039;;;;;;;;
1040;16;6;;;1;12;3;38
1041;71;23;9;7;11;66;49;236
1042;44;10;3;3;8;34;27;129
1043;27;9;6;;7;19;22;90
1044;14;7;2;1;5;13;20;62
1045;;;;;;;;
1046;11;1;2;;2;8;3;27
1047;14;5;2;;3;10;3;37
1048;;;;;;;;
1049;6;1;1;;;4;;12
1050;1;;;;;;;1
1051;4;1;;;1;1;;7
1052;53;13;3;1;5;16;6;97
1053;7;2;1;2;2;;3;17
1054;42;7;3;3;1;28;18;102
1055;40;15;6;4;13;26;21;125
1056;36;10;5;;6;21;17;95
1057;25;4;4;2;6;22;20;83
1058;14;5;1;1;2;10;3;36
1059;4;1;;;;2;3;10
1060;14;8;1;4;;15;12;54
1061;41;7;2;3;10;18;25;106
1062;4;4;2;1;;6;6;23
1063;4;;1;;2;;;7
1064;64;14;5;3;2;20;15;123
1065;22;8;1;2;3;8;8;52
1066;38;5;8;3;2;13;8;77
1067;12;3;1;3;1;10;3;33
1068;39;12;3;6;3;16;8;87
1069;7;3;1;;1;1;;13
1070;35;15;3;4;9;24;24;114
1071;40;20;1;1;9;35;15;121
1072;1;;;;;;2;3
1073;4;3;3;;1;2;3;16
1074;33;10;5;4;6;23;7;88
1075;8;1;;2;1;10;6;28
1076;2;;;;;;;2
1077;47;18;9;11;9;17;14;125
1078;;;;;;;;
1079;60;20;5;3;12;28;12;140
1080;;;;;;;;
1081;100;20;7;5;9;31;23;195
1082;16;7;3;2;;8;;36
1083;6;1;1;2;3;4;;17
1084;1;;;;;;;1
1085;;;;;;;;
1086;91;27;6;8;9;35;26;202
1087;1;;;;;1;;2
1088;;;;;;;;
1089;8;2;;;1;9;11;31
1090;78;34;8;4;7;36;14;181
1091;78;24;11;4;15;51;33;216
1092;92;15;5;2;15;49;53;231
1093;40;5;4;1;2;22;23;97
1094;;;;;;;;
1095;;;;;;;;
1096;;;;;;;;
1097;61;16;6;4;12;38;26;163
1098;49;6;4;4;3;17;44;127
1099;23;3;1;1;4;22;45;99
1100;;;;;;1;1;2
1101;68;17;4;3;8;33;13;146
1102;42;9;6;3;9;30;30;129
1103;;;;;;;;
1104;49;9;2;1;13;31;14;119
1105;43;5;3;2;5;25;24;107
1106;32;9;1;2;4;26;13;87
1107;72;15;2;3;7;29;31;159
1108;43;14;;1;4;14;;76
1109;21;8;1;;6;5;5;46
1110;2;1;;;;;;3
1111;5;2;1;;;3;;11
1112;8;;;;;2;51;61
1113;13;1;;;;2;1;17
1114;5;;2;;;1;8;16
1115;;;;;;;2;2
1116;6;1;1;;;5;;13
1117;;;;;;;;
1118;;2;;;;;1;3
1119;2;1;;;;1;5;9
1120;8;1;;;;3;;12
1121;;;;;;;;
1122;;;;;;;;
1123;1;;;;;;2;3
1124;;;;;;;;
1125;;1;;;;;;1
1126;;;;;;1;;1
1127;;;;;;;;
1128;1;1;;;;3;3;8
1129;;;;;;;;
1130;3;;;1;;;;4
1131;;;;;;;;
1132;15;8;6;4;9;9;6;57
1133;;;;;;;;
1134;2;1;4;1;;;4;12
1135;1;7;;;;1;;9
1136;33;23;12;8;11;19;17;123
1137;10;7;1;2;1;2;2;25
1138;20;10;2;5;4;8;9;58
1139;36;13;7;5;7;14;9;91
1140;4;2;;;;;2;8
1141;2;;2;2;;1;2;9
1142;2;1;1;;1;;1;6
1143;14;6;;1;3;4;10;38
1144;8;3;1;4;2;4;3;25
1145;24;6;6;6;3;8;6;59
1146;3;5;2;2;1;2;3;18
1147;20;6;2;1;;1;1;31
1148;52;21;16;5;14;18;15;141
1149;2;2;1;;1;2;2;10
1150;1;1;;;;2;;4
1151;11;7;1;1;2;8;4;34
1152;26;15;4;4;9;13;12;83
1153;6;1;;;3;2;3;15
1154;26;9;4;4;3;7;6;59
1155;17;8;5;7;5;7;6;55
1156;45;12;4;5;4;6;11;87
1157;2;3;;;;1;;6
1158;9;1;;1;1;1;1;14
1159;;3;;;;1;1;5
1160;;;;;;;;
1161;;;;;;;;
1162;51;19;35;15;32;195;20;367
1163;;2;4;1;1;3;3;14
1164;6;1;1;;;7;3;18
1165;9;9;4;1;10;4;6;43
1166;5;2;2;2;3;1;3;18
1167;7;9;3;;4;3;6;32
1168;3;1;;;;3;4;11
1169;3;2;2;1;1;;8;17
1170;26;6;4;2;4;9;16;67
1171;8;2;2;1;;2;3;18
1172;8;;3;2;2;6;5;26
1173;2;5;2;1;;;2;12
1174;6;4;3;2;4;4;1;24
1175;1;;1;;1;1;;4
1176;3;3;;3;;;4;13
1177;2;1;;;2;2;6;13
1178;;;1;;1;;1;3
1179;4;;1;;2;3;4;14
1180;;;;;;;;
1181;12;2;2;1;2;;8;27
1182;3;2;;;1;;2;8
1183;5;1;;;;1;2;9
1184;1;;1;1;;2;3;8
1185;1;2;;;1;;1;5
1186;1;;;;;;1;2
1187;8;3;;1;3;;9;24
1188;14;4;4;2;1;2;7;34
1189;;;;;;;;
1190;4;6;;1;5;1;5;22
1191;6;1;1;;;1;4;13
1192;1;1;;;3;1;3;9
1193;;1;;1;3;;;5
1194;1;;;;;;;1
1195;2;;;;;;;2
1196;3;;;1;;;1;5
1197;;1;;;;1;5;7
1198;2;;;;;;;2
1199;;1;1;;;1;;3
1200;8;2;;1;1;1;2;15
1201;2;1;1;2;3;1;1;11
1202;4;;;;1;2;2;9
1203;2;2;1;;4;1;;10
1204;2;;;;;;6;8
1205;2;2;1;;;;2;7
1206;2;;3;;4;;1;10
1207;19;1;2;1;1;4;6;34
1208;;;;;;;;
1209;3;2;;;;;;5
1210;4;2;;;;;1;7
1211;2;1;;;1;2;1;7
1212;9;3;1;1;1;2;1;18
1213;12;5;4;1;1;5;11;39
1214;8;1;1;1;3;6;5;25
1215;4;;;;;3;;7
1216;15;10;5;2;2;14;19;67
1217;1;;;;;;;1
1218;17;4;2;1;2;9;3;38
1219;7;;1;1;3;;;12
1220;;;;;;;;
1221;;;;;;;;
1222;10;5;6;1;6;2;7;37
1223;16;2;1;1;4;5;11;40
1224;4;3;1;1;4;;;13
1225;2;2;;;2;2;4;12
1226;3;;2;2;;1;1;9
1227;7;4;5;;4;1;6;27
1228;12;4;1;2;9;13;9;50
1229;14;4;5;1;7;10;16;57
1230;11;6;6;3;6;17;10;59
1231;17;7;4;;6;3;6;43
1232;20;14;5;3;12;14;11;79
1233;23;14;15;7;13;26;14;112
1234;15;5;;1;5;13;12;51
1235;15;15;4;8;8;12;11;73
1236;24;5;6;4;6;19;11;75
1237;17;10;4;5;11;20;8;75
1238;18;10;8;1;6;11;8;62
1239;25;10;12;2;9;11;9;78
1240;22;13;9;5;10;8;11;78
1241;23;12;11;5;21;12;12;96
1242;;;;;;;;
1243;2;;1;;;6;1;10
1244;;;;;;;;
1245;37;12;8;8;14;19;24;122
1246;15;6;3;4;4;10;4;46
1247;3;1;2;1;;4;;11
1248;10;3;2;2;3;3;6;29
1249;2;;1;;1;;1;5
1250;1;3;;1;1;2;;8
1251;5;;1;1;2;;;9
1252;;;;;;;;
1253;;;;;;;;
1254;1;;;;;1;2;4
1255;5;2;2;;;1;2;12
1256;9;5;5;2;7;11;3;42
1257;;2;1;;;2;1;6
1258;1;3;1;1;2;1;;9
1259;13;6;1;3;3;8;6;40
1260;5;2;1;2;2;1;1;14
1261;8;8;8;1;2;9;3;39
1262;6;1;1;1;1;5;1;16
1263;13;4;1;1;4;3;7;33
1264;35;11;7;9;10;28;26;126
1265;2;1;;;5;1;2;11
1266;1;;;;1;;;2
1267;3;1;;1;4;1;;10
1268;24;16;12;9;10;10;10;91
1269;20;9;5;5;8;18;9;74
1270;29;13;9;10;8;22;8;99
1271;17;9;10;3;8;21;10;78
1272;25;16;7;7;15;14;17;101
1273;15;8;7;5;5;13;10;63
1274;24;12;12;8;8;18;19;101
1275;24;11;10;8;13;31;10;107
1276;35;17;9;7;13;23;11;115
1277;16;15;4;2;8;14;7;66
1278;16;13;3;3;4;7;8;54
1279;20;11;5;2;7;10;5;60
1280;25;8;7;5;4;20;6;75
1281;21;11;11;5;5;18;10;81
1282;13;2;1;1;3;7;14;41
1283;2;;;;1;3;;6
1284;31;7;6;3;7;18;10;82
1285;20;8;4;4;3;8;13;60
1286;5;1;3;1;4;3;1;18
1287;5;4;3;;3;3;2;20
1288;8;4;3;2;3;5;3;28
1289;25;8;7;6;4;16;19;85
1290;5;2;4;2;2;10;1;26
1291;1;;1;;;1;1;4
1292;;;;;;;;
1293;6;4;1;1;3;5;3;23
1294;38;19;10;6;9;23;11;116
1295;5;6;1;3;7;15;9;46
1296;20;16;3;5;13;10;10;77
1297;;;;1;1;;2;4
1298;4;2;3;;1;3;2;15
1299;;;;;;;;
1300;39;29;7;4;9;26;12;126
1301;13;10;1;4;4;6;4;42
1302;7;2;;2;6;5;2;24
1303;50;18;9;4;1;26;29;137
1304;27;6;6;6;6;17;7;75
1305;22;17;11;16;15;26;19;126
1306;;;;;;;;
1307;9;14;2;3;8;16;6;58
1308;15;2;2;;5;4;10;38
1309;10;3;7;1;3;5;4;33
1310;14;7;4;;5;14;4;48
1311;19;9;3;2;6;18;7;64
1312;21;7;11;1;8;24;13;85
1313;33;9;4;1;5;29;46;127
1314;35;18;10;;14;28;32;137
1315;26;16;5;2;5;18;17;89
1316;6;;1;;1;1;1;10
1317;8;8;4;4;6;9;2;41
1318;6;19;1;3;3;3;6;41
1319;17;7;11;5;10;8;7;65
1320;6;;3;1;1;1;1;13
1321;4;2;1;1;3;4;3;18
1322;7;6;2;;1;2;1;19
1323;5;3;6;;3;;2;19
1324;11;10;4;2;8;7;3;45
1325;22;7;10;3;4;12;3;61
1326;6;1;;1;;3;2;13
1327;7;3;1;1;2;1;;15
1328;;;;;;;;
1329;26;9;2;5;6;11;6;65
1330;15;10;4;3;4;5;5;46
1331;26;7;8;3;11;32;11;98
1332;43;12;9;1;14;23;8;110
1333;19;8;5;1;1;10;7;51
1334;25;12;5;2;5;21;12;82
1335;15;4;1;1;2;10;12;45
1336;7;8;3;2;6;3;4;33
1337;47;18;15;5;13;26;17;141
1338;20;20;11;3;14;17;9;94
1339;42;18;8;4;20;20;10;122
1340;6;4;;1;2;4;2;19
1341;10;5;1;;6;9;3;34
1342;3;5;;4;3;2;7;24
1343;19;2;2;2;5;6;5;41
1344;21;10;5;4;5;11;19;75
1345;9;4;1;1;2;3;;20
1346;4;3;2;1;3;4;2;19
1347;31;12;6;8;4;7;7;75
1348;16;9;2;5;4;4;12;52
1349;17;10;3;;3;7;18;58
1350;47;24;4;7;16;24;9;131
1351;44;8;9;3;10;30;14;118
1352;;;;;;;;
1353;;;;;;;;
1354;25;10;5;6;2;15;12;75
1355;40;7;4;3;5;15;22;96
1356;;;;;;;;
1357;5;6;2;;;5;2;20
1358;13;3;2;1;4;4;7;34
1359;1;1;1;;;;7;10
1360;9;9;5;;5;7;5;40
1361;13;8;4;4;5;9;16;59
1362;1;1;;;;1;1;4
1363;10;4;1;;5;2;1;23
1364;18;2;;1;2;6;4;33
1365;14;7;3;5;6;14;8;57
1366;14;5;;;3;6;4;32
1367;16;9;2;1;3;4;7;42
1368;20;5;3;1;4;7;3;43
1369;7;4;1;2;3;8;5;30
1370;27;14;2;5;15;28;12;103
1371;26;11;6;4;7;15;17;86
1372;40;14;5;4;14;25;28;130
1373;56;24;11;2;15;29;11;148
1374;20;7;3;2;4;13;9;58
1375;52;16;8;6;8;15;8;113
1376;6;5;;;1;;3;15
1377;;;;;;;;
1378;15;15;10;2;9;11;5;67
1379;6;4;7;2;4;9;6;38
1380;;;;;;;;
1381;2;;1;;;1;1;5
1382;6;2;;1;3;1;7;20
1383;20;6;6;;4;9;3;48
1384;6;5;2;2;3;1;3;22
1385;4;3;;6;;2;6;21
1386;9;12;7;4;4;8;5;49
1387;4;1;1;1;7;4;6;24
1388;9;3;;;;4;4;20
1389;6;5;;;5;1;1;18
1390;40;18;16;5;16;10;15;120
1391;30;19;6;4;9;27;21;116
1392;10;9;2;2;1;11;7;42
1393;11;8;2;1;5;3;1;31
1394;3;5;2;2;1;7;4;24
1395;2;2;3;1;3;3;;14
1396;2;1;;1;1;1;;6
1397;10;1;1;1;6;3;4;26
1398;18;10;6;2;6;5;9;56
1399;;;;;;1;;1
1400;3;3;2;5;4;1;;18
1401;13;4;10;1;11;14;2;55
1402;11;9;2;1;4;13;5;45
1403;29;14;7;6;6;11;5;78
1404;;;;;;;1;1
1405;4;2;;2;4;6;4;22
1406;5;7;5;1;4;;2;24
1407;22;7;2;1;7;3;2;44
1408;21;10;3;1;9;11;9;64
1409;;;;;;;;
1410;6;6;3;2;1;5;3;26
1411;12;8;2;5;4;8;4;43
1412;;;;;;;;
1413;56;21;9;9;11;19;14;139
1414;31;15;6;7;4;21;14;98
1415;4;;;;;1;;5
1416;15;2;1;;2;2;3;25
1417;1;;;;;;;1
1418;17;2;5;4;2;18;4;52
1419;15;5;2;3;1;7;21;54
1420;17;6;2;1;4;7;4;41
1421;18;4;5;;5;16;17;65
1422;18;5;5;1;3;11;14;57
1423;24;7;5;4;5;11;12;68
1424;21;4;4;5;6;22;11;73
1425;10;6;;1;3;11;3;34
1426;50;11;7;5;13;30;23;139
1427;5;8;;;;2;1;16
1428;;;;;;;;
1429;17;1;3;;2;4;2;29
1430;17;7;1;;3;7;8;43
1431;9;5;2;;2;6;4;28
1432;15;5;2;1;1;7;2;33
1433;15;4;2;1;2;5;2;31
1434;21;3;1;4;2;8;10;49
1435;10;1;2;1;;1;;15
1436;3;1;;;;1;4;9
1437;6;;1;1;4;1;2;15
1438;9;1;2;;3;6;5;26
1439;10;3;4;1;;9;;27
1440;19;10;3;3;6;22;15;78
1441;64;24;7;3;9;28;31;166
1442;20;6;4;2;5;11;4;52
1443;19;5;2;;3;9;11;49
1444;21;2;2;1;7;8;4;45
1445;23;5;3;3;5;23;4;66
1446;21;9;6;9;8;18;3;74
1447;14;9;5;4;3;19;9;63
1448;13;11;4;3;3;6;11;51
1449;37;17;11;6;21;54;20;166
1450;;;;;;;;
1451;;;;;;;;
1452;;;;;;;;
1453;;2;;3;1;4;;10
1454;;;;;;;;
1455;5;2;3;;1;6;1;18
1456;;;;;4;6;;10
1457;;1;;;1;1;;3
1458;;1;;;;2;;3
1459;;;;;;;;
1460;23;30;7;5;6;21;17;109
1461;5;6;1;1;3;15;5;36
1462;12;4;4;7;5;24;10;66
1463;26;14;15;4;12;41;19;131
1464;18;21;3;5;5;24;14;90
1465;22;13;10;7;15;26;10;103
1466;17;13;4;7;6;30;19;96
1467;15;14;2;11;5;13;12;72
1468;34;24;9;6;12;37;17;139
1469;;;;;;;;
1470;14;4;2;;7;4;4;35
1471;4;1;1;2;3;4;11;26
1472;;;;;;1;;1
1473;8;10;2;1;6;12;4;43
1474;4;2;5;2;2;12;3;30
1475;11;3;1;;;3;3;21
1476;11;10;1;3;7;7;1;40
1477;18;16;10;3;6;26;13;92
1478;22;11;5;7;9;13;22;89
1479;26;13;10;6;11;33;46;145
1480;24;19;7;9;16;16;24;115
1481;13;11;8;6;8;27;12;85
1482;13;12;4;11;7;34;24;105
1483;19;22;10;8;13;18;13;103
1484;3;6;2;;3;7;15;36
1485;9;5;3;5;3;8;5;38
1486;38;15;3;7;11;24;17;115
1487;8;5;1;;1;1;3;19
1488;6;5;;3;1;6;4;25
1489;7;4;2;2;3;4;8;30
1490;7;3;3;2;1;9;5;30
1491;2;5;;1;3;4;4;19
1492;8;2;2;5;1;5;2;25
1493;15;7;7;1;12;17;7;66
1494;1;1;;3;1;;8;14
1495;;;;;;;2;2
1496;8;11;1;7;8;11;4;50
1497;10;6;7;3;6;11;16;59
1498;7;2;6;;2;7;;24
1499;;;;;;;;
1500;;;;;;;;
1501;9;9;4;1;7;12;5;47
1502;1;;;;;1;;2
1503;11;7;;1;2;5;13;39
1504;;;;;;;;
1505;;;;;;;;
1506;7;;3;4;4;6;4;28
1507;2;5;1;2;1;7;1;19
1508;4;1;1;1;1;4;1;13
1509;1;;;;2;;;3
1510;9;;;2;2;4;1;18
1511;5;;5;1;3;4;1;19
1512;4;1;;1;3;4;1;14
1513;;;;;;;;
1514;1;1;;;1;;;3
1515;4;1;;;;;1;6
1516;2;1;;1;;;3;7
1517;;;;;;;;
1518;8;1;3;;;7;2;21
1519;2;;;3;3;;2;10
1520;5;1;1;2;2;6;5;22
1521;;;;;;;;
1522;25;17;14;3;11;26;19;115
1523;3;1;;1;;2;10;17
1524;2;2;;4;;2;;10
1525;21;13;7;15;12;18;17;103
1526;10;2;3;;3;5;6;29
1527;19;20;7;4;16;20;15;101
1528;13;9;1;4;2;9;17;55
1529;;;;;;;2;2
1530;5;2;2;2;2;9;17;39
1531;18;8;4;3;9;14;5;61
1532;10;11;6;6;9;17;8;67
1533;14;3;4;2;6;16;2;47
1534;4;11;5;5;6;7;9;47
1535;35;7;5;6;9;15;17;94
1536;;;;;;;;
1537;15;1;2;2;4;16;40;80
1538;;;;;;;;
1539;;;;;;;;
1540;6;4;2;;3;1;1;17
1541;2;1;1;;1;;2;7
1542;12;13;3;4;6;14;7;59
1543;;1;1;;;1;;3
1544;8;5;1;1;6;10;5;36
1545;12;6;6;2;9;11;7;53
1546;5;5;1;1;1;;5;18
1547;13;8;3;;6;6;9;45
1548;30;12;6;7;9;15;19;98
1549;19;14;3;2;8;13;10;69
1550;30;17;12;10;15;31;33;148
1551;30;11;7;3;11;23;28;113
1552;12;7;1;5;5;15;20;65
1553;;;;;;;;
1554;33;14;9;11;17;28;27;139
1555;14;7;2;6;9;27;8;73
1556;28;13;10;7;17;29;25;129
1557;10;11;3;7;3;19;18;71
1558;29;29;19;6;22;28;14;147
1559;;;;;;;;
1560;15;8;7;5;8;10;4;57
1561;23;11;6;5;9;16;9;79
1562;23;13;2;4;4;18;18;82
1563;17;6;1;4;7;23;2;60
1564;4;5;;;;7;6;22
1565;2;1;;1;3;3;2;12
1566;9;8;1;3;4;8;2;35
1567;17;8;4;1;3;20;9;62
1568;;;;;;;;
1569;16;3;3;4;2;9;18;55
1570;12;1;;2;2;17;;34
1571;5;1;2;;2;7;4;21
1572;7;9;;1;6;6;3;32
1573;3;;;;;4;4;11
1574;16;9;11;6;9;17;16;84
1575;;;1;1;;4;1;7
1576;24;4;3;2;7;13;7;60
1577;5;1;1;1;4;2;1;15
1578;;;;;;;;
1579;56;19;7;8;11;54;15;170
1580;7;6;2;1;3;7;2;28
1581;9;5;2;3;;7;3;29
1582;14;5;4;1;3;11;8;46
1583;34;19;2;7;15;38;18;133
1584;39;11;6;4;6;19;5;90
1585;10;5;1;4;4;8;4;36
1586;28;6;1;3;7;6;2;53
1587;25;4;3;3;5;4;1;45
1588;5;3;2;;5;5;2;22
1589;14;9;2;3;2;16;39;85
1590;10;5;3;;2;2;4;26
1591;49;15;2;2;6;22;11;107
1592;12;9;;2;4;10;5;42
1593;;;;;;;;
1594;17;5;1;6;4;7;50;90
1595;6;1;1;;5;7;5;25
1596;6;4;2;;2;2;4;20
1597;8;3;3;;1;2;5;22
1598;18;5;1;1;4;9;16;54
1599;13;6;2;;3;11;8;43
1600;21;14;6;2;9;28;25;105
1601;36;6;5;4;2;9;2;64
1602;48;12;9;5;2;29;15;120
1603;30;15;4;3;12;34;8;106
1604;;;;;;;;
1605;3;2;5;1;1;1;5;18
1606;;;;;;;;
1607;27;13;;2;5;17;4;68
1608;29;5;2;4;3;19;36;98
1609;1;;;1;;2;3;7
1610;13;4;1;1;1;7;6;33
1611;35;12;8;2;8;37;33;135
1612;5;;1;1;;3;3;13
1613;6;4;;;3;9;4;26
1614;20;7;3;1;6;17;16;70
1615;19;3;2;;1;14;15;54
1616;29;8;5;2;5;33;7;89
1617;11;2;3;1;;;2;19
1618;27;6;2;2;2;18;3;60
1619;2;1;;;3;1;;7
1620;11;3;3;;;4;2;23
1621;4;5;1;3;1;9;;23
1622;6;1;2;1;3;5;3;21
1623;8;2;;1;3;11;8;33
1624;11;1;;1;;1;;14
1625;8;3;;;2;1;;14
1626;9;4;3;2;3;1;;22
1627;25;9;3;5;5;32;11;90
1628;;;;;;;;
1629;3;3;1;1;;2;6;16
1630;16;7;4;;5;8;3;43
1631;17;8;1;2;2;21;9;60
1632;45;17;7;9;8;26;16;128
1633;25;8;1;1;5;11;17;68
1634;13;7;3;;;1;;24
1635;23;12;5;2;7;14;21;84
1636;25;7;2;2;9;13;14;72
1637;35;12;6;4;7;22;19;105
1638;20;8;3;4;9;28;4;76
1639;7;5;1;2;2;11;11;39
1640;12;4;1;1;1;4;1;24
1641;10;2;;1;7;6;9;35
1642;28;13;3;2;2;13;14;75
1643;22;9;3;2;5;15;6;62
1644;21;9;6;;7;20;7;70
1645;3;2;2;;;7;1;15
1646;38;8;4;4;5;14;4;77
1647;;;;;;;;
1648;23;5;;;2;7;6;43
1649;13;;9;1;5;20;10;58
1650;20;2;4;1;4;15;13;59
1651;16;10;5;2;5;10;12;60
1652;12;3;1;;2;6;6;30
1653;34;5;9;6;5;9;13;81
1654;16;7;8;2;13;11;12;69
1655;19;2;2;3;4;7;4;41
1656;12;5;8;4;8;19;6;62
1657;27;10;6;5;6;21;10;85
1658;20;12;6;1;3;19;12;73
1659;1;2;;;;2;3;8
1660;13;6;3;7;5;23;7;64
1661;8;1;2;;1;1;13;26
1662;7;1;;2;3;4;2;19
1663;;;;;;;;
1664;8;1;1;;;4;8;22
1665;5;1;;;;1;1;8
1666;8;3;1;;;1;3;16
1667;;;;;;;;
1668;;;;;;;;
1669;1;;;;;;;1
1670;;;;;;;;
1671;;;;;;;;
1672;;;;;;;;
1673;1;;;;;;;1
1674;7;2;;1;;;;10
1675;5;1;;;;1;1;8
1676;19;5;2;3;;7;;36
1677;;;;;;;;
1678;;;;;;;;
1679;15;2;;;6;5;2;30
1680;9;;;1;1;;1;12
1681;3;1;;;;1;1;6
1682;12;3;2;;;7;15;39
1683;;;;;;;;
1684;;;;;;;;
1685;3;;;;;2;;5
1686;;;;;;1;;1
1687;158;30;14;9;26;53;22;312
1688;24;5;3;2;2;4;2;42
1689;67;19;12;9;8;19;5;139
1690;2;;;;;;;2
1691;1;;;;;;2;3
1692;;;;;;;;
1693;;;;;;;;
1694;;;;;;;;
1695;;;;;;;;
1696;5;2;;;;;;7
1697;;1;;;;;1;2
1698;1;;;1;;;;2
1699;13;6;1;;1;6;2;29
1700;;;;;;;;
1701;2;;;;;;;2
1702;;;;;;;;
1703;2;;;;;;;2
1704;1;;;;;1;;2
1705;3;2;;;;;;5
1706;1;;;;;;1;2
1707;;;;;;;;
1708;;;;;;;;
1709;2;;;;;;;2
1710;2;;;;;;;2
1711;2;;;;;;;2
1712;;;;;;;3;3
1713;;;;;;;;
1714;8;3;;1;1;4;;17
1715;2;;;;1;;;3
1716;1;;;;1;;;2
1717;6;;;;;;1;7
1718;;;;;;;;
1719;1;1;;1;;1;5;9
1720;9;4;;;;3;15;31
1721;16;6;;;1;9;13;45
1722;89;17;6;4;10;33;23;182
1723;14;1;1;;2;10;7;35
1724;18;6;3;3;4;9;11;54
1725;61;18;4;7;7;40;21;158
1726;13;7;3;2;3;11;6;45
1727;25;5;4;3;11;9;12;69
1728;26;9;2;1;3;20;10;71
1729;11;4;2;1;;5;6;29
1730;32;9;1;2;2;8;6;60
1731;26;7;2;1;4;21;25;86
1732;;;;;;;;
1733;4;;;1;;;5;10
1734;5;2;1;;2;2;2;14
1735;;;;;;;;
1736;;;;;;;;
1737;;;;;;;;
1738;14;4;1;5;5;5;8;42
1739;38;6;2;;5;8;17;76
1740;3;;;;1;;;4
1741;17;2;;1;2;1;7;30
1742;63;9;1;2;12;39;27;153
1743;3;;;;2;3;;8
1744;34;5;;6;5;25;36;111
1745;98;25;7;5;10;46;34;225
1746;9;;2;1;2;6;2;22
1747;88;24;7;2;17;34;21;193
1748;14;5;1;6;1;16;3;46
1749;109;26;8;4;7;59;79;292
1750;84;18;4;2;9;21;27;165
1751;;;;;;1;;1
1752;9;5;2;;2;4;1;23
1753;9;2;1;;;4;;16
1754;70;17;10;3;13;43;18;174
1755;4;;1;;1;;2;8
1756;52;5;2;2;7;26;112;206
1757;12;1;;;1;2;;16
1758;5;1;;;;;;6
1759;5;2;1;;;2;1;11
1760;33;8;2;2;6;9;4;64
1761;2;;;;;;5;7
1762;5;;;;1;;;6
1763;16;3;2;;;5;1;27
1764;3;1;;;;;;4
1765;;;;;;;;
1766;18;1;1;;;10;4;34
1767;;;;;;;;
1768;;;;;;;;
1769;55;15;7;4;10;46;44;181
1770;36;13;9;8;9;30;35;140
1771;9;2;1;;1;3;6;22
1772;19;7;3;4;7;34;32;106
1773;;;;;;;;
1774;20;4;;;;15;5;44
1775;;;;;;;;
1776;41;18;6;5;10;27;9;116
1777;23;10;6;4;2;15;7;67
1778;7;1;;;;;;8
1779;5;4;;3;1;14;2;29
1780;1;;;;;1;2;4
1781;;;;;;;;
1782;1;;;;;;;1
1783;12;2;2;;;3;4;23
1784;;;;;;;;
1785;7;;;;;3;1;11
1786;23;2;2;2;3;6;11;49
1787;30;8;3;;5;13;16;75
1788;34;10;7;8;4;11;13;87
1789;21;2;4;4;3;14;4;52
1790;9;1;1;1;1;9;1;23
1791;13;4;2;2;2;14;11;48
1792;43;13;6;5;10;35;15;127
1793;42;12;6;4;12;38;16;130
1794;9;2;3;1;4;15;3;37
1795;29;9;1;3;11;18;17;88
1796;22;5;2;2;1;9;9;50
1797;30;11;10;2;7;30;18;108
1798;10;6;1;3;2;8;4;34
1799;15;3;2;3;10;14;3;50
1800;14;4;2;2;4;7;12;45
1801;4;;1;1;3;1;;10
1802;3;3;1;1;1;3;1;13
1803;3;1;2;;;1;2;9
1804;20;13;3;4;5;12;3;60
1805;47;8;1;3;8;24;9;100
1806;50;19;9;8;3;24;10;123
1807;19;5;1;;2;4;1;32
1808;16;4;1;;2;4;3;30
1809;8;1;;2;;1;;12
1810;;;;;1;;;1
1811;37;7;5;3;5;18;11;86
1812;5;3;1;;;3;3;15
1813;11;2;;1;;;5;19
1814;27;3;7;1;4;12;14;68
1815;60;19;7;6;7;39;24;162
1816;20;3;1;;3;7;8;42
1817;10;4;2;3;1;3;4;27
1818;38;11;4;1;6;19;11;90
1819;1;;;;;;;1
1820;24;8;2;4;4;14;9;65
1821;23;5;;2;4;12;5;51
1822;4;4;;;;8;2;18
1823;;;;;;;;
1824;48;16;3;2;10;19;13;111
1825;27;4;3;1;6;8;3;52
1826;4;;;;;;2;6
1827;10;3;2;;2;3;6;26
1828;1;;;;;1;;2
1829;45;4;;1;4;14;4;72
1830;15;8;1;2;1;6;5;38
1831;28;6;2;3;2;10;4;55
1832;24;11;5;2;3;8;11;64
1833;25;12;1;;2;15;4;59
1834;28;4;6;5;10;13;4;70
1835;16;7;5;;4;4;2;38
1836;39;9;3;;4;16;10;81
1837;43;16;4;4;5;39;20;131
1838;33;10;4;3;8;12;9;79
1839;8;2;;;;1;1;12
1840;;;;;;;;
1841;4;1;1;;;1;1;8
1842;31;7;3;3;8;17;19;88
1843;10;10;3;1;2;15;4;45
1844;21;6;1;2;3;6;4;43
1845;35;12;8;2;10;21;9;97
1846;39;13;10;4;9;11;11;97
1847;22;3;5;4;5;8;7;54
1848;12;6;2;4;2;6;4;36
1849;38;11;7;9;9;31;20;125
1850;25;9;2;;6;4;8;54
1851;31;8;;6;9;7;20;81
1852;63;15;12;9;7;22;16;144
1853;19;7;5;7;2;13;17;70
1854;;;;;;;;
1855;13;3;3;2;1;9;5;36
1856;13;4;;2;4;13;12;48
1857;4;1;1;2;3;1;1;13
1858;9;4;;2;1;5;2;23
1859;30;10;12;5;7;13;6;83
1860;32;17;7;3;8;13;12;92
1861;39;18;9;1;10;20;14;111
1862;3;1;1;2;5;2;1;15
1863;8;3;4;;2;1;1;19
1864;4;3;1;;;1;;9
1865;4;;;;1;4;1;10
1866;16;2;1;1;2;;9;31
1867;25;10;1;2;3;12;6;59
1868;45;20;6;3;6;16;18;114
1869;2;3;;;2;;;7
1870;18;9;3;5;2;10;4;51
1871;8;2;6;1;3;6;2;28
1872;12;4;3;2;5;8;9;43
1873;21;8;2;6;5;11;9;62
1874;13;6;3;3;5;5;5;40
1875;26;7;3;3;5;12;3;59
1876;19;5;4;;7;12;12;59
1877;101;13;5;3;9;13;19;163
1878;17;2;2;1;1;3;1;27
1879;9;;;;;5;2;16
1880;74;20;7;7;18;23;23;172
1881;17;6;4;2;4;4;6;43
1882;15;1;5;2;3;4;2;32
1883;4;;1;2;2;4;3;16
1884;27;2;6;3;9;6;7;60
1885;;;;;;2;;2
1886;14;8;;1;4;7;7;41
1887;20;7;7;2;4;4;2;46
1888;3;1;;;;;1;5
1889;6;2;3;;2;2;4;19
1890;13;4;1;1;1;4;;24
1891;15;6;3;4;;7;3;38
1892;1;;;;;1;;2
1893;3;10;2;2;2;4;1;24
1894;;;;;;1;2;3
1895;1;;;;1;;;2
1896;7;1;4;2;3;;;17
1897;2;;;1;;;2;5
1898;28;9;1;2;2;4;3;49
1899;23;11;4;5;7;5;4;59
1900;1;;1;;;;4;6
1901;6;;;;2;3;7;18
1902;50;26;12;10;20;18;24;160
1903;;;;;;;;
1904;5;4;;;;1;;10
1905;17;17;9;5;9;14;9;80
1906;26;28;10;6;14;10;7;101
1907;25;14;4;6;9;8;7;73
1908;;4;;;;;;4
1909;5;3;1;;1;;2;12
1910;;1;;;;;;1
1911;3;;;;;;;3
1912;;;;;;;;
1913;3;2;2;;1;;1;9
1914;10;4;2;2;2;2;3;25
1915;;;;;;;;
1916;6;;;;;1;2;9
1917;7;3;;;2;;3;15
1918;1;;;;;1;1;3
1919;3;;;;;;1;4
1920;1;1;;;;;;2
1921;1;1;;;;;1;3
1922;1;;;;;;;1
1923;1;1;;;;;1;3
1924;2;;;;;1;;3
1925;7;4;;;2;1;2;16
1926;5;1;4;1;;1;2;14
1927;;1;;;1;;1;3
1928;;;;;;;;
1929;;;;;;;1;1
1930;4;1;;1;;1;;7
1931;;;;;2;2;3;7
1932;50;4;14;7;11;22;28;136
1933;41;14;7;5;11;23;20;121
1934;34;10;5;3;8;21;6;87
1935;27;13;5;9;13;17;27;111
1936;14;13;4;6;4;11;9;61
1937;37;14;13;12;18;42;21;157
1938;29;16;9;8;11;34;27;134
1939;25;11;4;5;16;35;14;110
1940;21;10;13;6;10;24;26;110
1941;21;10;5;9;9;36;6;96
1942;29;10;12;7;7;28;10;103
1943;26;9;10;3;10;19;8;85
1944;30;8;12;9;12;34;26;131
1945;29;21;12;7;9;26;16;120
1946;3;;2;;1;1;;7
1947;5;3;2;2;1;7;4;24
1948;5;7;2;;4;1;5;24
1949;15;9;1;3;6;14;8;56
1950;26;7;6;4;9;11;9;72
1951;18;3;3;;6;18;10;58
1952;5;;1;;1;;1;8
1953;1;1;;1;1;2;1;7
1954;;;;;;;;
1955;3;3;3;2;4;9;3;27
1956;21;6;7;6;9;11;18;78
1957;2;1;1;;;;1;5
1958;;4;1;1;1;2;;9
1959;7;3;6;1;7;1;5;30
1960;2;;;1;1;7;4;15
1961;1;;;1;;;;2
1962;11;6;2;4;2;9;6;40
1963;;;;;;;;
1964;7;2;1;4;3;11;2;30
1965;8;;3;;1;1;1;14
1966;3;1;2;1;;2;;9
1967;1;2;1;2;;5;3;14
1968;16;3;1;1;4;5;5;35
1969;7;5;4;2;3;1;9;31
1970;11;3;2;;2;5;4;27
1971;4;1;1;2;2;5;;15
1972;9;9;2;4;;6;1;31
1973;35;22;7;4;11;23;10;112
1974;27;11;6;2;7;19;10;82
1975;31;16;15;7;12;28;15;124
1976;2;;1;;;2;;5
1977;8;2;3;;4;7;2;26
1978;31;10;2;6;6;32;41;128
1979;38;11;4;6;8;17;20;104
1980;33;15;9;9;8;22;25;121
1981;;;;;;;;
1982;33;11;7;6;10;21;30;118
1983;2;5;8;2;7;11;7;42
1984;31;15;5;7;6;13;16;93
1985;18;9;7;10;11;24;13;92
1986;27;15;4;3;4;38;15;106
1987;2;;;;;;;2
1988;20;10;3;8;8;11;10;70
1989;;;;1;1;2;2;6
1990;4;2;2;2;2;11;2;25
1991;7;7;2;3;;5;6;30
1992;33;18;10;10;12;31;16;130
1993;6;3;2;2;2;9;5;29
1994;14;5;7;2;6;19;6;59
1995;10;3;2;2;3;12;9;41
1996;4;2;1;;;2;2;11
1997;3;;;1;2;8;;14
1998;2;;1;;1;;2;6
1999;2;;;;;;;2
2000;12;3;9;5;5;15;4;53
2001;;;;;;;;
2002;23;10;1;7;7;4;5;57
2003;3;1;;;;;;4
2004;112;17;12;5;12;44;10;212
2005;5;1;;;1;;;7
2006;45;12;9;6;9;31;17;129
2007;42;23;4;5;7;18;6;105
2008;57;15;1;4;13;14;2;106
2009;75;16;6;4;6;15;14;136
2010;51;17;3;3;12;14;7;107
2011;40;9;2;4;4;17;2;78
2012;58;16;9;4;3;25;12;127
2013;53;22;6;5;11;24;11;132
2014;54;19;6;11;10;10;3;113
2015;49;22;8;6;9;13;11;118
2016;37;8;1;3;9;11;5;74
2017;;;;;;;;
2018;142;37;9;8;12;66;17;291
2019;2;2;1;3;1;14;;23
2020;47;16;6;6;12;45;22;154
2021;19;3;2;1;6;10;43;84
2022;21;9;;1;4;12;11;58
2023;4;3;;2;;3;1;13
2024;2;;;;;4;1;7
2025;52;19;6;4;13;49;36;179
2026;8;;4;1;1;3;;17
2027;32;6;2;2;7;25;13;87
2028;62;8;7;6;10;34;29;156
2029;;;;;;;;
2030;52;15;4;2;5;18;6;102
2031;52;11;4;4;6;24;24;125
2032;9;1;2;;;3;1;16
2033;68;17;4;2;6;28;22;147
2034;39;14;5;5;4;12;3;82
2035;42;12;4;8;4;9;5;84
2036;9;3;;1;2;6;8;29
2037;49;11;6;6;8;14;2;96
2038;47;21;9;4;6;18;1;106
2039;36;8;6;5;6;13;6;80
2040;95;19;5;6;1;26;11;163
2041;26;11;3;1;5;4;10;60
2042;;;;;;;;
2043;24;2;1;;1;9;6;43
2044;19;2;;;;3;2;26
2045;5;4;;1;1;2;;13
2046;;;;;;;;
2047;82;5;;;2;15;16;120
2048;12;4;2;4;3;11;9;45
2049;13;3;1;;2;4;1;24
2050;43;7;1;2;2;13;8;76
2051;4;16;2;6;3;;1;32
2052;;;;;;;;
2053;4;;;;;;;4
2054;32;10;3;2;4;15;18;84
2055;13;3;1;1;3;11;3;35
2056;22;3;3;;2;8;5;43
2057;15;3;;;2;6;2;28
2058;15;7;3;1;5;17;8;56
2059;27;7;4;1;5;24;33;101
2060;4;2;1;1;;5;3;16
2061;1;;1;;;3;2;7
2062;11;2;2;;2;3;6;26
2063;49;7;6;4;3;18;16;103
2064;34;8;2;2;4;13;12;75
2065;15;4;1;1;3;4;6;34
2066;23;9;;;1;15;17;65
2067;24;5;2;;;17;19;67
2068;42;14;1;6;4;23;26;116
2069;33;10;1;1;3;22;23;93
2070;71;12;3;5;9;32;33;165
2071;48;10;3;3;1;10;9;84
2072;;;;;;;;
2073;17;5;3;1;4;8;14;52
2074;17;5;1;1;2;4;5;35
2075;10;1;;;1;5;5;22
2076;;;;;;;;
2077;7;1;;1;1;4;7;21
2078;62;13;3;2;10;26;22;138
2079;38;12;1;2;1;21;17;92
2080;54;9;7;5;5;24;34;138
2081;29;11;2;2;1;18;13;76
2082;17;4;1;2;3;5;4;36
2083;7;1;1;1;1;5;;16
2084;26;11;4;;2;8;15;66
2085;32;9;6;4;4;18;25;98
2086;65;13;8;4;11;31;23;155
2087;71;17;6;4;11;39;34;182
2088;4;;;;;;;4
2089;;;1;;1;1;1;4
2090;23;7;3;;3;2;3;41
2091;22;8;;1;1;13;12;57
2092;39;13;;;8;23;12;95
2093;22;6;1;3;6;13;3;54
2094;12;;;;;2;2;16
2095;32;4;;;1;9;16;62
2096;40;7;4;1;3;20;18;93
2097;5;6;;1;1;8;6;27
2098;38;1;3;1;4;9;24;80
2099;49;11;11;1;3;13;10;98
2100;4;1;1;;1;2;1;10
2101;29;10;4;1;10;13;20;87
2102;18;10;3;;3;4;2;40
2103;17;1;;;1;14;5;38
2104;23;10;1;1;2;19;13;69
2105;21;2;2;4;1;12;3;45
2106;18;1;;4;3;4;4;34
2107;11;1;1;1;;3;1;18
2108;9;;;;1;1;1;12
2109;8;1;;;;1;1;11
2110;15;2;;1;;11;3;32
2111;11;1;;1;2;6;3;24
2112;8;1;;;;2;2;13
2113;15;2;1;1;1;9;5;34
2114;45;8;3;2;1;11;12;82
2115;3;1;1;;1;;7;13
2116;27;4;;3;5;7;20;66
2117;18;4;2;2;3;1;5;35
2118;48;10;1;2;2;15;15;93
2119;34;9;5;4;8;12;8;80
2120;73;10;2;5;4;28;29;151
2121;65;12;4;2;3;15;22;123
2122;59;10;8;6;3;19;4;109
2123;12;5;1;2;7;6;7;40
2124;53;12;2;2;4;10;13;96
2125;;;;;;;;
2126;86;17;7;5;22;22;25;184
2127;36;5;2;1;2;10;6;62
2128;89;18;7;7;9;37;12;179
2129;51;14;2;3;7;15;2;94
2130;21;2;1;;3;4;;31
2131;45;7;4;2;1;11;1;71
2132;48;17;7;1;5;13;4;95
2133;1;1;;;;1;1;4
2134;68;14;7;11;9;21;12;142
2135;3;;;;;;;3
2136;36;11;;2;3;8;6;66
2137;;;;;;;;
2138;28;4;5;3;3;9;2;54
2139;2;;;;;;;2
2140;5;;;1;;5;1;12
2141;;;;;;;;
2142;51;15;7;3;15;74;25;190
2143;72;23;12;7;6;42;29;191
2144;57;9;3;2;5;12;8;96
2145;91;19;7;4;12;36;28;197
2146;;;;;;;;
2147;55;21;6;3;7;19;13;124
2148;77;3;1;3;2;16;10;112
2149;116;28;7;9;9;20;10;199
2150;15;3;1;1;1;1;3;25
2151;23;3;3;;3;3;2;37
2152;15;3;;1;;2;4;25
2153;4;1;;;2;4;4;15
2154;36;6;;1;1;9;;53
2155;53;15;3;2;9;5;9;96
2156;;;;;;;;
2157;10;5;2;;1;2;1;21
2158;8;;;;1;;;9
2159;3;3;;2;;;3;11
2160;;;1;;;;3;4
2161;1;1;3;;;;3;8
2162;1;3;;1;;2;1;8
2163;1;;2;;;;3;6
2164;15;2;2;;;1;2;22
2165;5;;2;;;2;1;10
2166;5;5;1;1;5;1;3;21
2167;2;1;;;1;1;;5
2168;11;2;3;2;3;2;9;32
2169;;;;;;;;
2170;13;6;6;5;4;5;3;42
2171;19;5;4;2;;4;3;37
2172;47;14;4;3;6;11;11;96
2173;;;;;;;;
2174;6;4;1;1;2;2;;16
2175;9;1;2;1;1;1;6;21
2176;6;2;;1;;2;3;14
2177;9;;4;2;2;1;2;20
2178;4;1;;;1;1;3;10
2179;3;;;;;3;;6
2180;;;;;;;;
2181;13;2;;1;;6;2;24
2182;17;5;2;1;2;3;1;31
2183;11;5;2;1;1;7;6;33
2184;6;;;1;1;1;;9
2185;1;;;1;;;;2
2186;2;5;;1;1;1;6;16
2187;3;1;1;;;;7;12
2188;4;;1;;;2;2;9
2189;13;1;;;1;6;;21
2190;;3;;;;;1;4
2191;2;;;;1;1;;4
2192;21;4;3;1;1;3;2;35
2193;13;3;;2;;2;2;22
2194;9;5;;1;3;4;2;24
2195;11;1;;;4;11;6;33
2196;5;;;;;;2;7
2197;22;7;1;4;2;4;6;46
2198;4;1;;;1;1;1;8
2199;13;6;1;1;5;6;1;33
2200;16;3;;;;6;;25
2201;10;3;;;;4;1;18
2202;7;1;1;1;1;;;11
2203;34;3;3;1;2;11;6;60
2204;3;4;1;;3;;3;14
2205;42;11;4;6;12;28;45;148
2206;22;5;3;1;4;15;6;56
2207;39;18;3;6;4;22;17;109
2208;16;2;1;1;5;6;22;53
2209;27;10;2;;4;18;9;70
2210;37;8;4;2;4;25;13;93
2211;29;7;5;3;3;10;10;67
2212;23;4;1;3;8;6;12;57
2213;13;3;2;1;7;7;7;40
2214;8;5;1;1;;3;1;19
2215;5;;;;1;1;;7
2216;63;25;9;5;12;31;17;162
2217;;;;;;;;
2218;13;4;;3;2;6;1;29
2219;36;6;3;5;3;14;13;80
2220;24;2;;2;2;13;1;44
2221;34;10;4;5;7;7;8;75
2222;56;15;4;5;6;27;20;133
2223;25;7;1;2;9;11;4;59
2224;24;8;2;3;2;12;8;59
2225;1;;;;;1;;2
2226;;;;;;;;
2227;;;;;;;;
2228;20;9;6;2;4;11;4;56
2229;31;3;1;;1;9;2;47
2230;17;4;3;2;1;2;3;32
2231;;;;;;;;
2232;34;4;5;3;3;17;4;70
2233;4;2;1;;;3;;10
2234;16;3;2;1;5;7;1;35
2235;25;5;1;;3;9;17;60
2236;10;1;1;;2;2;9;25
2237;7;2;1;1;1;4;;16
2238;20;8;1;1;1;4;5;40
2239;11;4;2;2;3;5;8;35
2240;2;1;;;;;4;7
2241;;;;;;;;
2242;7;5;;2;1;4;1;20
2243;20;3;1;3;2;5;6;40
2244;7;1;1;;;;;9
2245;23;4;2;2;1;4;3;39
2246;29;5;2;2;3;3;3;47
2247;13;2;;;1;3;2;21
2248;;;;;;2;;2
2249;16;1;1;;;2;8;28
2250;10;;;1;;1;;12
2251;6;;;;1;;2;9
2252;40;8;8;4;10;12;2;84
2253;33;16;4;6;12;16;15;102
2254;42;21;7;4;10;14;5;103
2255;;;;;;;;
2256;27;7;1;;4;11;3;53
2257;79;12;10;6;5;22;35;169
2258;11;3;;;4;7;4;29
2259;21;12;3;2;11;14;3;66
2260;;;;;;;;
2261;15;3;1;3;7;6;10;45
2262;37;5;2;3;7;13;16;83
2263;70;15;7;11;6;24;7;140
2264;47;13;8;4;4;9;7;92
2265;32;8;4;3;2;5;4;58
2266;46;9;2;1;3;26;16;103
2267;28;1;;1;;1;10;41
2268;21;1;1;2;1;7;7;40
2269;27;5;3;1;4;6;5;51
2270;3;;;;1;3;;7
2271;30;4;7;2;1;14;4;62
2272;54;4;2;1;12;11;23;107
2273;22;3;1;;1;7;;34
2274;7;;2;1;;3;4;17
2275;34;7;3;1;4;9;9;67
2276;31;9;;;1;7;9;57
2277;21;8;2;;2;13;5;51
2278;;;;;;;;
2279;;;;;;;;
2280;40;10;1;;2;27;7;87
2281;;;;;;;;
2282;26;1;4;;1;5;8;45
2283;5;1;;;1;2;;9
2284;22;1;;;4;6;6;39
2285;22;2;;1;1;6;4;36
2286;68;26;10;5;4;18;4;135
2287;15;1;1;1;;;;18
2288;1;;;;;;;1
2289;8;3;;;1;;3;15
2290;;;;1;;;1;2
2291;5;;1;;2;;;8
2292;44;4;3;1;4;7;7;70
2293;1;2;;;;1;2;6
2294;;1;;1;;1;;3
2295;15;3;1;1;4;10;10;44
2296;12;;;1;;1;;14
2297;9;2;;;1;;2;14
2298;10;;;1;1;1;1;14
2299;27;10;3;4;2;8;4;58
2300;16;5;2;2;3;1;3;32
2301;5;1;;;;;;6
2302;5;;;;;2;1;8
2303;14;1;;2;;3;4;24
2304;1;;1;;;;;2
2305;9;5;2;2;1;1;1;21
2306;6;1;;;1;;;8
2307;12;1;;1;;3;;17
2308;1;;;;;;;1
2309;2;;;;;;;2
2310;2;1;;;1;;1;5
2311;13;3;1;;1;2;;20
2312;26;;3;;1;10;2;42
2313;31;3;1;2;6;6;13;62
2314;18;3;;;1;3;1;26
2315;15;5;;;2;6;1;29
2316;23;3;1;1;1;4;7;40
2317;1;1;1;;;2;;5
2318;24;8;1;;3;4;1;41
2319;11;1;3;1;5;7;3;31
2320;39;3;6;1;3;5;13;70
2321;;;;;;;;
2322;18;2;;;;2;;22
8888;17;7;5;1;6;9;6;51
Totale;42.351;12.697;5.388;4.080;7.552;22.638;17.319;112.025
;;;;;;;;
(a) Nella popolazione immigrata  sono incluse anche le persone precedentemente residenti, emigrate poi immigrate.  Per residenti dalla nascita si intendono le persone nate residenti e mai emigrate.;;;;;;;;
;;;;;;;;
(b) Dal 31/12/2005 la tavola fa riferimento alle sezioni di censimento 2001, si sottolinea che si tratta di aree cartografiche diverse dalle sezioni di censimento 1991. Per individuare correttamente le aree di interesse  necessario consultare diverse dalle sezioni di censimento 1991. Per individuare correttamente le aree di interesse  necessario consultare il sito alla voce -Individua le sezioni sulle mappe o sullo stradario.;;;;;;;;