Sezioni 2001 (b);1. Comuni della provincia Bologna;2. Altre province Emilia-Romagna;3. Italia nord occidentale;4. Italia nord orientale;5. Italia centrale;6. Italia meridionale e insulare;7. Stati esteri;Totale
0001;16;21;;5;;2;2;46
0002;3;;;;;;;3
0003;;;;;;;;
0004;14;4;1;;1;1;3;24
0005;2;;;;;;;2
0006;8;2;;;2;1;2;15
0007;5;;;;;;;5
0008;6;;;;1;1;;8
0009;;;;;;1;;1
0010;14;2;;;;3;5;24
0011;3;;;1;;;;4
0012;61;8;1;4;;22;13;109
0013;19;8;4;;2;6;4;43
0014;5;;;;;;1;6
0015;5;1;;;;2;17;25
0016;5;;;;;;;5
0017;14;1;;1;;1;2;19
0018;3;;;;;;;3
0019;7;2;;;;1;1;11
0020;3;;;;;;;3
0021;5;3;;1;;1;1;11
0022;1;;;;;;;1
0023;;;;;;2;;2
0024;4;;;;;2;;6
0025;;3;;1;3;3;1;11
0026;3;1;;;;1;;5
0027;5;;;1;;1;1;8
0028;;;;1;;;;1
0029;;;;;1;1;;2
0030;3;1;;;;;;4
0031;5;1;;;1;5;5;17
0032;;;;;;;;
0033;6;1;1;;;;;8
0034;1;;;;;;1;2
0035;;;;;;;;
0036;;;;;;;1;1
0037;1;;;;;;1;2
0038;3;;;;;;;3
0039;13;4;2;;4;7;4;34
0040;;;;;;;;
0041;11;;;;;2;1;14
0042;6;3;3;;1;8;5;26
0043;11;2;1;;;;1;15
0044;;;;;;;;
0045;;;;;;;2;2
0046;;;;;;;;
0047;3;;;;;;;3
0048;;;;;;;;
0049;;1;;;;;;1
0050;4;6;1;1;;2;1;15
0051;;;;;;;;
0052;5;1;;;;3;3;12
0053;8;2;1;1;;2;4;18
0054;6;2;1;1;;2;3;15
0055;2;;;;;;;2
0056;;;;;;;;
0057;;;;;;;;
0058;33;;3;2;1;3;5;47
0059;15;2;1;1;1;4;2;26
0060;110;21;6;5;6;30;28;206
0061;1;1;;;1;;;3
0062;100;16;10;9;7;35;30;207
0063;26;1;;1;1;4;4;37
0064;45;7;1;;;4;1;58
0065;26;4;1;1;3;9;20;64
0066;2;;;;;;;2
0067;23;3;;;1;9;3;39
0068;;;;;;1;;1
0069;99;18;2;3;11;22;33;188
0070;54;18;2;3;3;12;21;113
0071;21;5;;;4;4;8;42
0072;;;;;;;;
0073;12;1;1;;1;;1;16
0074;7;4;;2;1;1;;15
0075;;;;;;;;
0076;41;7;;2;2;5;4;61
0077;66;14;5;3;7;12;16;123
0078;58;10;4;;2;13;9;96
0079;111;33;10;10;13;23;24;224
0080;;;;;;;;
0081;77;20;5;2;8;19;11;142
0082;66;21;;1;;12;10;110
0083;;;;;;;;
0084;;;;;;;;
0085;;;;;;;;
0086;;;;;;;;
0087;10;;1;;;1;;12
0088;19;4;1;2;;12;11;49
0089;9;6;2;;1;3;4;25
0090;45;4;1;2;4;10;14;80
0091;19;7;;;1;1;4;32
0092;4;1;;;2;1;4;12
0093;21;1;1;1;;10;9;43
0094;16;5;;;;5;7;33
0095;26;4;3;;1;9;5;48
0096;26;6;;;2;6;3;43
0097;58;12;3;2;5;36;30;146
0098;68;14;1;;1;15;12;111
0099;22;7;1;;;4;9;43
0100;19;7;3;1;;8;4;42
0101;105;17;3;2;2;20;27;176
0102;2;;;;;2;4;8
0103;49;11;7;3;4;3;9;86
0104;56;9;1;;2;15;4;87
0105;38;5;3;;2;1;8;57
0106;2;1;;;1;1;;5
0107;80;17;9;7;1;18;19;151
0108;17;7;1;1;;8;6;40
0109;51;8;3;1;7;22;24;116
0110;17;2;3;;1;6;11;40
0111;15;1;1;;1;7;4;29
0112;35;6;2;;2;7;5;57
0113;75;14;7;1;8;28;26;159
0114;17;1;;1;4;7;12;42
0115;19;;2;;2;15;9;47
0116;26;7;2;2;2;17;10;66
0117;82;12;1;3;6;20;22;146
0118;21;6;2;2;3;12;8;54
0119;1;;;;;;;1
0120;65;5;1;4;;17;14;106
0121;1;;;;;;;1
0122;3;;;;;2;4;9
0123;;;;;;;;
0124;48;13;5;1;6;17;16;106
0125;1;;;;;;;1
0126;;;;;;;;
0127;42;11;5;4;10;32;14;118
0128;;;;;;;;
0129;1;;;;;;;1
0130;26;1;4;2;;2;6;41
0131;;;;;;;4;4
0132;33;13;1;1;3;13;11;75
0133;;;;;;;;
0134;14;1;;2;;;1;18
0135;19;;1;;;3;1;24
0136;;;;;;;;
0137;5;2;2;2;;4;2;17
0138;3;;1;1;1;;;6
0139;6;2;;1;;;1;10
0140;88;31;9;8;5;23;26;190
0141;;1;;;;;;1
0142;92;21;5;4;4;60;40;226
0143;20;1;1;;3;4;9;38
0144;2;1;;;;2;;5
0145;91;25;5;9;8;23;25;186
0146;73;15;4;6;5;40;30;173
0147;49;13;2;4;4;19;15;106
0148;47;12;6;1;1;5;8;80
0149;62;21;7;3;9;14;12;128
0150;61;11;3;2;7;21;20;125
0151;21;3;;2;2;6;7;41
0152;11;5;1;2;1;1;;21
0153;105;18;11;5;4;32;34;209
0154;85;19;6;5;8;30;44;197
0155;88;17;5;2;5;15;15;147
0156;;;;;;;;
0157;;;;;;;;
0158;8;;1;;;2;;11
0159;2;;;;;;4;6
0160;5;2;;;;;1;8
0161;15;1;;;1;;;17
0162;2;;;;;;;2
0163;4;1;;;;;2;7
0164;8;2;;;;4;1;15
0165;5;1;;;;1;2;9
0166;;;;;;;;
0167;;;;;;;;
0168;70;20;4;2;4;21;21;142
0169;109;27;13;4;8;24;13;198
0170;5;1;;;;;1;7
0171;141;34;14;5;14;45;12;265
0172;9;;2;;;;;11
0173;75;28;4;2;3;34;15;161
0174;104;27;4;4;16;57;36;248
0175;1;1;;;;;;2
0176;102;31;2;5;6;8;12;166
0177;79;12;2;4;7;8;22;134
0178;24;1;1;1;1;7;4;39
0179;;;;;;;;
0180;40;9;2;3;2;5;3;64
0181;;;;;;;;
0182;125;23;5;5;5;31;26;220
0183;23;7;3;2;3;7;1;46
0184;2;;;;;;;2
0185;5;1;;;;1;;7
0186;11;2;2;;1;4;2;22
0187;2;;;;;;;2
0188;2;;;;;;;2
0189;1;;;;;1;;2
0190;1;;;;;;;1
0191;9;;;;;;1;10
0192;1;;;;;1;;2
0193;1;;;;;;1;2
0194;3;3;;;;;2;8
0195;1;;;;;;;1
0196;35;11;2;3;1;5;7;64
0197;14;2;1;;;2;1;20
0198;19;4;1;2;1;;4;31
0199;14;6;1;;;;;21
0200;;;;;;;;
0201;27;8;2;1;;3;;41
0202;4;;;;;;;4
0203;22;;2;1;1;3;;29
0204;1;;;;;;;1
0205;51;14;3;4;6;10;6;94
0206;25;10;2;2;4;11;5;59
0207;;;;;;;;
0208;;;;;;;;
0209;;;;;;;;
0210;;;;;;;;
0211;69;10;7;4;9;24;20;143
0212;50;14;4;1;4;14;17;104
0213;17;4;1;;5;9;6;42
0214;25;10;1;1;;12;18;67
0215;17;4;;1;2;5;8;37
0216;32;14;3;4;8;14;18;93
0217;;;;;;;;
0218;2;;;;;1;;3
0219;36;10;3;3;4;11;1;68
0220;2;1;;;;;1;4
0221;1;;1;1;1;1;1;6
0222;;;;;1;;;1
0223;;;;;;;;
0224;;;;;;;;
0225;1;;;;;4;;5
0226;2;2;;1;2;2;1;10
0227;;;;;;;;
0228;3;8;5;;;2;;18
0229;62;19;4;11;9;19;20;144
0230;64;29;5;5;12;31;24;170
0231;17;7;2;1;2;8;2;39
0232;17;8;1;;2;3;1;32
0233;30;9;3;3;3;6;13;67
0234;30;9;2;2;2;9;23;77
0235;10;7;1;;1;10;6;35
0236;10;7;;1;1;4;1;24
0237;23;6;4;2;2;8;7;52
0238;34;6;;5;4;18;15;82
0239;29;13;2;7;1;27;21;100
0240;19;9;;1;6;13;5;53
0241;40;12;3;3;8;23;25;114
0242;62;17;3;3;12;22;41;160
0243;35;11;9;7;15;20;21;118
0244;4;3;;;;2;5;14
0245;;;;;;1;;1
0246;4;;;7;1;6;3;21
0247;47;13;1;8;4;29;17;119
0248;30;11;5;1;4;15;10;76
0249;45;21;11;10;11;39;9;146
0250;15;3;;;;6;14;38
0251;42;17;4;4;6;46;46;165
0252;23;8;1;4;5;7;4;52
0253;;;;;;;;
0254;56;12;3;5;3;28;36;143
0255;44;13;4;5;6;21;13;106
0256;46;22;6;9;8;36;41;168
0257;54;11;5;6;6;30;32;144
0258;52;18;7;3;7;26;16;129
0259;9;4;1;1;1;5;4;25
0260;29;15;2;;3;13;16;78
0261;49;22;9;6;11;33;20;150
0262;51;20;8;7;10;36;31;163
0263;40;30;12;6;15;24;31;158
0264;30;10;2;3;5;11;19;80
0265;44;6;3;1;9;19;28;110
0266;23;10;1;5;3;16;20;78
0267;20;6;1;1;3;12;3;46
0268;37;19;6;3;6;20;14;105
0269;54;18;7;4;10;25;68;186
0270;52;24;7;9;9;38;58;197
0271;12;12;2;4;1;13;7;51
0272;25;7;2;1;3;14;27;79
0273;37;6;;1;2;17;21;84
0274;9;3;4;3;4;10;16;49
0275;11;4;4;2;2;7;4;34
0276;20;12;1;7;3;13;10;66
0277;44;25;6;5;11;33;55;179
0278;6;5;1;1;;8;8;29
0279;26;4;8;2;7;12;15;74
0280;11;7;;2;3;7;12;42
0281;47;14;10;6;16;20;25;138
0282;67;22;11;5;12;23;33;173
0283;73;30;11;4;9;35;38;200
0284;27;9;3;3;3;18;13;76
0285;23;13;;4;6;21;16;83
0286;5;3;1;;1;1;3;14
0287;36;15;5;5;7;31;22;121
0288;60;13;3;1;5;15;7;104
0289;18;10;;1;3;16;15;63
0290;61;20;7;6;9;27;38;168
0291;11;9;1;1;5;14;5;46
0292;4;1;;;;2;;7
0293;23;5;1;1;7;19;4;60
0294;3;2;2;1;2;6;3;19
0295;;;;;;;;
0296;45;19;11;6;10;39;21;151
0297;;;;;;;;
0298;10;3;;;;5;1;19
0299;;;;;;;;
0300;31;5;2;5;3;13;21;80
0301;40;18;4;5;8;17;16;108
0302;2;2;;1;5;1;6;17
0303;41;26;10;5;10;27;49;168
0304;16;10;1;1;3;17;19;67
0305;21;4;1;4;1;6;8;45
0306;50;23;14;3;11;28;31;160
0307;51;17;5;2;5;35;26;141
0308;56;17;4;1;17;30;37;162
0309;38;16;2;7;8;37;34;142
0310;1;;;;;;;1
0311;52;13;5;1;2;20;49;142
0312;37;16;1;6;;14;13;87
0313;48;11;4;3;4;9;18;97
0314;9;1;1;1;;;2;14
0315;35;9;3;4;2;17;13;83
0316;62;22;4;7;5;16;30;146
0317;38;24;4;11;12;27;13;129
0318;39;16;3;5;5;22;31;121
0319;25;9;2;3;6;32;26;103
0320;;;;;;;;
0321;;;;;;;;
0322;40;12;3;6;6;23;20;110
0323;84;39;10;11;14;63;58;279
0324;38;13;7;3;12;38;38;149
0325;71;27;11;6;11;43;56;225
0326;39;11;6;3;7;23;27;116
0327;17;9;1;1;9;13;25;75
0328;23;5;2;4;4;9;7;54
0329;6;4;;2;1;7;6;26
0330;13;3;2;2;3;12;10;45
0331;18;4;2;2;3;12;18;59
0332;27;13;6;6;11;23;24;110
0333;75;34;13;13;10;31;38;214
0334;29;12;1;2;4;15;10;73
0335;46;20;7;3;12;41;36;165
0336;22;10;2;2;5;26;38;105
0337;30;10;5;3;8;25;30;111
0338;15;4;4;2;6;18;21;70
0339;;;;;;;;
0340;34;8;9;3;8;27;15;104
0341;19;6;4;3;3;20;17;72
0342;17;4;2;2;4;17;16;62
0343;;;;;;;;
0344;2;;;;;1;5;8
0345;2;1;;;;;16;19
0346;;;;;;;;
0347;12;9;4;5;6;15;13;64
0348;29;12;2;4;7;22;14;90
0349;28;7;4;;4;9;8;60
0350;12;6;1;1;1;4;11;36
0351;27;9;2;5;6;18;23;90
0352;38;11;6;6;5;21;9;96
0353;18;11;;2;2;8;7;48
0354;35;14;4;2;1;12;4;72
0355;11;4;;1;5;6;8;35
0356;56;22;5;11;19;49;16;178
0357;37;11;2;1;5;20;17;93
0358;43;22;10;3;8;27;24;137
0359;32;17;5;5;6;19;25;109
0360;31;9;6;4;8;25;12;95
0361;27;4;4;1;4;17;32;89
0362;17;9;3;6;2;11;13;61
0363;3;1;;1;;;;5
0364;;;;;;;;
0365;;;;;1;;;1
0366;5;1;;;1;;2;9
0367;4;11;4;;2;1;2;24
0368;;;1;;;;;1
0369;3;;;;;2;2;7
0370;3;2;;2;4;5;14;30
0371;5;2;;;;9;3;19
0372;;;;;;;;
0373;;;;;;;;
0374;;;;;;;;
0375;10;;;1;;1;2;14
0376;55;8;2;7;;32;18;122
0377;13;1;1;;1;8;12;36
0378;38;10;3;;2;20;15;88
0379;17;3;5;2;;11;3;41
0380;14;1;3;;2;2;6;28
0381;11;;1;;1;1;;14
0382;51;5;;6;3;9;15;89
0383;46;8;3;;3;12;7;79
0384;44;22;2;1;12;12;8;101
0385;6;4;;;1;;;11
0386;6;2;;;;3;1;12
0387;14;;;;;;4;18
0388;7;;;1;;;4;12
0389;3;3;2;;;4;;12
0390;16;3;1;1;2;3;2;28
0391;3;;1;1;;1;1;7
0392;20;17;6;3;3;3;24;76
0393;;;;;;;;
0394;23;3;4;1;;7;16;54
0395;20;5;2;1;2;9;12;51
0396;30;8;;;3;8;38;87
0397;50;14;4;;4;14;26;112
0398;104;22;9;4;9;20;15;183
0399;87;25;2;5;5;30;22;176
0400;81;26;5;3;5;19;34;173
0401;19;3;1;;;5;1;29
0402;56;7;6;;5;16;13;103
0403;41;10;4;6;5;3;6;75
0404;111;28;12;6;13;24;17;211
0405;100;28;5;1;4;16;22;176
0406;27;2;2;;;4;11;46
0407;80;18;4;4;6;22;13;147
0408;;;;;;;;
0409;43;9;5;;4;4;8;73
0410;21;3;1;2;4;12;6;49
0411;38;5;3;1;2;6;2;57
0412;66;7;2;3;5;19;21;123
0413;79;30;5;;5;17;31;167
0414;14;3;1;3;2;4;5;32
0415;80;8;3;5;5;29;25;155
0416;28;12;;3;2;8;9;62
0417;88;16;6;3;6;26;20;165
0418;;;;;;;;
0419;9;3;1;;2;3;6;24
0420;1;;;;;;;1
0421;10;2;;1;1;5;;19
0422;3;;;;;1;2;6
0423;6;3;1;1;;1;;12
0424;3;;;;;;;3
0425;15;6;;1;6;9;15;52
0426;6;;;1;1;1;1;10
0427;;;;;;;;
0428;13;5;2;5;;5;11;41
0429;1;;;1;1;;2;5
0430;4;1;1;1;1;6;1;15
0431;23;7;2;4;2;9;5;52
0432;12;;1;2;;3;1;19
0433;;;;;;;;
0434;5;2;;;;3;4;14
0435;35;6;1;;2;15;25;84
0436;;;;;;;;
0437;;;;;;;;
0438;1;;;;;;11;12
0439;65;17;7;5;9;39;22;164
0440;;;;;;;;
0441;5;1;;1;;;2;9
0442;71;23;9;5;8;46;14;176
0443;;;;;;;1;1
0444;49;8;5;4;6;17;19;108
0445;5;1;;;2;;;8
0446;5;2;1;;;1;4;13
0447;36;7;2;4;2;8;6;65
0448;15;6;1;1;;6;9;38
0449;2;1;;;;1;2;6
0450;3;1;;;;;;4
0451;3;;2;1;1;2;;9
0452;137;38;8;14;7;45;27;276
0453;2;1;;;;;;3
0454;4;1;;;2;1;3;11
0455;;;;;;1;;1
0456;;1;;1;;1;;3
0457;6;5;2;;1;8;7;29
0458;14;1;1;1;;;4;21
0459;1;;;;;;;1
0460;7;1;;;;4;2;14
0461;;;;;;;;
0462;;;;;;;2;2
0463;151;47;9;11;17;55;20;310
0464;22;7;4;4;2;7;4;50
0465;19;12;;1;3;10;10;55
0466;50;13;2;2;3;13;6;89
0467;20;8;1;1;4;11;26;71
0468;54;16;1;;5;19;23;118
0469;58;4;2;1;4;10;14;93
0470;9;1;;4;4;4;;22
0471;4;5;;;;2;4;15
0472;47;16;4;3;6;15;16;107
0473;16;8;2;1;1;4;2;34
0474;55;16;3;5;5;16;29;129
0475;;;;;;1;;1
0476;;;;;;;;
0477;3;2;3;1;1;8;;18
0478;11;1;;1;1;4;8;26
0479;;;;;;;;
0480;18;3;1;2;2;3;10;39
0481;53;18;6;2;6;19;7;111
0482;4;2;;1;1;1;;9
0483;11;4;;2;1;;2;20
0484;6;1;2;;1;2;;12
0485;74;17;10;6;11;30;24;172
0486;54;18;2;5;;12;6;97
0487;;;;;;;;
0488;;;;;;;;
0489;2;;;;;1;;3
0490;;;1;;;;;1
0491;8;;;1;;1;;10
0492;;;;;;;;
0493;11;1;1;2;1;1;;17
0494;1;;;;1;1;1;4
0495;6;2;;;;5;2;15
0496;7;1;1;1;;;6;16
0497;4;2;2;;;1;;9
0498;;;;;;;;
0499;11;1;;;;;;12
0500;13;2;1;;;3;2;21
0501;35;13;1;5;4;20;10;88
0502;7;;1;;1;8;;17
0503;174;38;16;16;18;58;35;355
0504;4;;;;;;1;5
0505;;;;;;;;
0506;;;;;;1;;1
0507;;;;;;;;
0508;1;;;;;;;1
0509;6;2;;;;1;1;10
0510;;;;;;;;
0511;;;;;;;;
0512;1;;1;;;;1;3
0513;;;;;;;;
0514;1;1;1;;;1;1;5
0515;;;1;;;;;1
0516;1;;;;;1;;2
0517;13;1;;;3;1;;18
0518;1;;;;;2;;3
0519;;;;;;;;
0520;;;;;;;;
0521;2;;;;;;;2
0522;4;1;;;;;;5
0523;3;1;;;;;;4
0524;3;;;;;;;3
0525;4;;;;;;;4
0526;;;1;;2;4;1;8
0527;;;;;;;;
0528;1;1;;;;1;3;6
0529;;;;;;;;
0530;2;1;;;;;1;4
0531;;;;;;;;
0532;;;;;;;;
0533;;;;;;;;
0534;1;;;2;;2;;5
0535;;;;;;;;
0536;109;34;10;9;10;67;47;286
0537;;;;;;;;
0538;1;;;;1;3;;5
0539;48;21;6;8;8;23;10;124
0540;2;;;;;;;2
0541;1;;;;1;1;;3
0542;7;2;1;;;1;3;14
0543;52;14;5;6;9;17;18;121
0544;8;;;2;;;2;12
0545;112;37;11;5;14;41;18;238
0546;18;3;;1;1;20;5;48
0547;46;23;4;15;7;19;19;133
0548;2;4;1;;1;1;2;11
0549;;;;;;;;
0550;40;12;3;2;3;16;26;102
0551;34;7;5;2;3;15;6;72
0552;64;31;5;9;11;45;31;196
0553;72;15;6;5;15;45;23;181
0554;64;22;6;7;11;29;8;147
0555;1;;;;;;;1
0556;;;;1;;2;;3
0557;;;;;;;;
0558;19;3;1;;1;4;5;33
0559;11;5;1;1;4;5;6;33
0560;;;;1;;;2;3
0561;9;3;;1;;;1;14
0562;79;18;11;8;11;29;40;196
0563;39;9;2;1;1;20;23;95
0564;5;5;;;;;4;14
0565;4;;;;;;;4
0566;2;2;;;1;;;5
0567;3;;;;;;;3
0568;;;;;;;;
0569;13;4;;1;2;10;6;36
0570;36;15;3;3;1;12;13;83
0571;34;14;6;5;6;33;30;128
0572;57;20;7;1;2;10;15;112
0573;46;18;6;4;10;36;33;153
0574;34;22;2;6;4;35;23;126
0575;131;31;10;9;8;27;15;231
0576;73;26;4;9;4;22;7;145
0577;55;15;3;11;8;7;12;111
0578;3;;;;;;;3
0579;13;2;3;;4;2;5;29
0580;2;1;;;;4;1;8
0581;3;;;;1;1;;5
0582;;;;;;;;
0583;;;;;;1;;1
0584;2;2;;;;1;;5
0585;9;1;;1;1;2;3;17
0586;8;2;1;;;3;18;32
0587;5;2;1;;1;1;1;11
0588;14;5;;2;1;11;13;46
0589;75;31;5;6;11;57;28;213
0590;1;1;;;;;;2
0591;15;7;2;2;1;16;8;51
0592;52;10;2;1;8;36;26;135
0593;;;;;;;;
0594;53;18;2;3;6;26;22;130
0595;78;31;7;6;15;29;17;183
0596;23;7;4;2;8;7;9;60
0597;2;1;;;3;4;1;11
0598;61;17;8;8;7;42;18;161
0599;;;;;;;;
0600;2;3;1;;;1;1;8
0601;;;;;;;;
0602;;;;;;;;
0603;18;16;6;1;5;10;8;64
0604;25;16;6;4;7;26;19;103
0605;;;;;;;;
0606;;;;;;;;
0607;;;;;;;;
0608;15;13;4;4;12;16;6;70
0609;27;13;10;6;12;27;11;106
0610;16;14;10;10;11;39;4;104
0611;;;;;;;;
0612;;;;;;;;
0613;7;4;1;;2;5;3;22
0614;37;14;7;6;15;26;8;113
0615;26;13;6;8;7;30;9;99
0616;16;6;9;2;7;13;7;60
0617;19;18;4;5;5;16;4;71
0618;12;8;3;6;7;14;8;58
0619;35;17;10;8;6;26;14;116
0620;8;8;4;6;6;13;7;52
0621;;;;;;;;
0622;;;;;;;;
0623;6;;3;1;1;5;;16
0624;;;;;;;;
0625;4;;3;2;1;6;2;18
0626;17;9;2;1;3;15;18;65
0627;32;18;15;3;14;39;16;137
0628;;;;;;;;
0629;11;6;1;;5;11;4;38
0630;38;11;3;6;11;20;20;109
0631;;;;;;;;
0632;22;14;4;3;5;16;12;76
0633;;;;;;;;
0634;34;14;12;7;17;26;19;129
0635;22;3;1;;4;8;8;46
0636;17;6;1;3;7;7;5;46
0637;50;19;9;9;13;42;19;161
0638;14;16;6;2;7;13;7;65
0639;;1;;1;;;4;6
0640;;;;;;;;
0641;20;7;5;3;10;14;10;69
0642;10;4;1;2;2;7;2;28
0643;23;13;6;3;3;11;5;64
0644;25;16;9;3;8;8;4;73
0645;12;21;13;2;5;9;10;72
0646;33;18;11;7;9;23;21;122
0647;29;1;6;4;5;22;12;79
0648;;;;;;;;
0649;29;8;6;5;7;23;15;93
0650;30;13;8;7;19;36;14;127
0651;34;17;8;13;6;24;16;118
0652;34;10;7;8;11;33;17;120
0653;2;1;;1;;2;1;7
0654;3;5;2;2;2;8;2;24
0655;5;4;3;;2;1;;15
0656;34;19;11;6;9;11;13;103
0657;41;28;11;15;12;23;17;147
0658;;;;;;;;
0659;;;;;;;;
0660;;;;;;;;
0661;40;29;16;12;16;36;21;170
0662;39;23;11;13;12;26;16;140
0663;16;7;5;3;3;9;2;45
0664;10;11;4;7;7;17;5;61
0665;9;19;5;3;11;13;11;71
0666;14;4;6;1;11;16;7;59
0667;18;9;4;10;7;21;27;96
0668;10;14;8;2;1;7;4;46
0669;15;9;1;1;3;17;15;61
0670;32;6;3;3;3;22;12;81
0671;22;12;9;5;12;25;19;104
0672;37;12;6;8;6;24;20;113
0673;15;7;4;6;7;8;5;52
0674;17;14;5;6;13;13;16;84
0675;14;2;2;;3;8;7;36
0676;19;12;2;4;5;10;8;60
0677;7;15;5;3;4;8;11;53
0678;;;;;;;;
0679;15;9;3;3;4;9;2;45
0680;7;2;2;1;1;2;1;16
0681;27;20;9;12;7;20;24;119
0682;9;2;3;2;8;6;6;36
0683;11;4;8;5;11;13;3;55
0684;31;25;11;5;10;28;14;124
0685;;;1;;;;2;3
0686;10;7;3;3;2;6;2;33
0687;2;3;;;;;;5
0688;;;;2;;3;2;7
0689;;;;;;;;
0690;9;7;;2;4;10;2;34
0691;6;3;1;1;5;11;5;32
0692;6;4;3;1;;4;2;20
0693;13;3;1;4;5;5;6;37
0694;7;6;3;1;2;8;2;29
0695;13;4;2;9;4;4;6;42
0696;16;4;3;1;2;9;4;39
0697;14;5;5;4;5;5;6;44
0698;2;2;;;2;2;2;10
0699;;1;3;;2;1;2;9
0700;;;;;;;;
0701;62;25;5;2;13;45;5;157
0702;9;8;1;3;1;14;1;37
0703;9;2;;;1;5;4;21
0704;11;6;3;1;2;6;9;38
0705;43;10;3;8;5;17;21;107
0706;;;;;;;;
0707;45;20;12;8;10;24;26;145
0708;6;;2;2;7;8;;25
0709;;;;;;;;
0710;19;1;1;1;1;3;2;28
0711;18;5;3;4;6;6;1;43
0712;43;13;7;3;5;9;12;92
0713;19;5;1;2;5;8;18;58
0714;35;26;17;7;13;24;4;126
0715;39;13;6;6;4;39;18;125
0716;6;4;2;;5;2;3;22
0717;59;16;4;2;11;20;23;135
0718;25;12;2;;3;10;10;62
0719;43;20;12;5;17;23;15;135
0720;16;9;12;3;7;8;8;63
0721;50;25;5;4;10;37;38;169
0722;38;12;6;5;4;22;14;101
0723;;;;;;;5;5
0724;28;9;2;6;4;13;12;74
0725;13;7;3;5;4;20;13;65
0726;46;14;11;4;10;29;16;130
0727;16;11;7;1;7;35;16;93
0728;24;16;2;2;2;11;10;67
0729;14;3;4;;5;12;4;42
0730;11;10;4;2;3;20;12;62
0731;22;1;3;3;2;16;8;55
0732;22;13;2;5;4;26;17;89
0733;20;10;7;3;15;25;17;97
0734;;;;;;;;
0735;48;18;5;13;6;43;37;170
0736;66;29;15;4;14;36;24;188
0737;16;4;;1;3;7;1;32
0738;34;18;5;3;8;29;25;122
0739;2;1;;;1;1;1;6
0740;11;2;;2;1;1;1;18
0741;32;10;4;4;2;16;16;84
0742;29;10;;8;5;29;9;90
0743;25;9;4;;5;13;3;59
0744;11;1;1;2;3;3;1;22
0745;58;21;5;6;12;32;37;171
0746;73;16;6;9;16;43;43;206
0747;57;12;3;1;4;16;10;103
0748;33;8;1;1;2;5;11;61
0749;32;9;4;2;5;3;9;64
0750;56;16;5;8;5;16;24;130
0751;8;4;1;1;1;4;4;23
0752;33;10;4;4;4;10;5;70
0753;2;;;;;;;2
0754;40;8;3;2;6;26;15;100
0755;36;6;1;2;1;7;2;55
0756;;;;;;;;
0757;;;;;;;;
0758;74;46;14;7;19;41;33;234
0759;29;8;3;1;5;12;1;59
0760;53;19;14;3;29;36;19;173
0761;26;7;7;6;1;26;17;90
0762;;;;;;;;
0763;;;;;;;;
0764;47;20;4;7;14;39;28;159
0765;53;10;7;11;12;49;23;165
0766;44;14;1;8;11;19;20;117
0767;27;13;3;1;3;12;6;65
0768;16;4;4;2;2;10;7;45
0769;;;;;;;;
0770;22;11;2;2;4;23;20;84
0771;20;3;6;2;5;23;17;76
0772;8;6;2;3;7;15;14;55
0773;20;13;;2;6;17;8;66
0774;30;8;3;5;5;26;17;94
0775;27;3;4;4;4;19;21;82
0776;20;15;8;3;4;20;3;73
0777;24;5;4;2;7;14;7;63
0778;22;9;1;5;1;10;5;53
0779;28;15;2;3;4;15;16;83
0780;48;24;6;7;5;43;24;157
0781;8;2;1;4;;;4;19
0782;6;4;;;2;1;1;14
0783;45;17;14;8;12;35;24;155
0784;9;2;1;1;1;2;3;19
0785;6;;1;;;;1;8
0786;77;39;11;1;13;37;20;198
0787;62;18;3;8;9;33;47;180
0788;12;5;;1;3;4;6;31
0789;65;26;5;5;13;28;28;170
0790;80;26;10;3;11;32;27;189
0791;12;2;;;2;3;5;24
0792;;;;;;;;
0793;14;3;;;5;;4;26
0794;20;2;1;1;;3;5;32
0795;20;8;;1;;6;3;38
0796;20;3;2;1;1;8;14;49
0797;11;1;;2;2;7;3;26
0798;73;11;4;3;6;8;22;127
0799;8;1;;1;1;1;;12
0800;4;;;;;4;2;10
0801;26;4;1;;5;7;3;46
0802;31;4;2;1;3;7;2;50
0803;37;7;1;1;4;14;9;73
0804;40;6;1;3;3;12;9;74
0805;27;8;4;2;5;11;9;66
0806;62;13;1;3;8;11;27;125
0807;24;2;2;4;3;1;4;40
0808;41;6;1;;6;10;19;83
0809;64;13;3;4;3;13;9;109
0810;27;6;3;1;3;21;17;78
0811;10;3;1;;1;7;1;23
0812;23;8;4;3;1;6;5;50
0813;21;1;;2;5;6;20;55
0814;38;9;2;4;4;23;14;94
0815;92;31;7;5;6;34;20;195
0816;152;37;4;8;24;53;43;321
0817;;;;;;;;
0818;107;11;11;6;7;37;32;211
0819;16;4;3;;2;4;1;30
0820;24;5;1;1;1;11;6;49
0821;33;4;2;;4;1;9;53
0822;;;;;;;;
0823;16;6;;;1;5;5;33
0824;37;15;2;4;5;24;28;115
0825;23;4;1;;1;11;7;47
0826;32;8;;1;2;15;18;76
0827;31;7;1;;2;6;5;52
0828;25;4;;2;1;3;8;43
0829;43;6;1;1;5;13;5;74
0830;26;6;2;1;;9;14;58
0831;53;4;5;2;3;10;3;80
0832;;;;;;;;
0833;16;3;;1;1;7;3;31
0834;17;7;3;2;3;3;9;44
0835;38;11;1;1;1;23;11;86
0836;30;9;3;1;1;5;14;63
0837;38;5;1;1;1;7;4;57
0838;35;8;;3;5;16;5;72
0839;48;24;6;3;9;28;39;157
0840;22;6;;;5;7;3;43
0841;17;7;;4;1;18;7;54
0842;31;3;5;3;5;10;7;64
0843;;;;;;;;
0844;57;15;3;1;6;10;25;117
0845;29;8;;1;3;12;4;57
0846;;;;;;;;
0847;34;5;;;1;5;3;48
0848;16;1;1;;;4;5;27
0849;83;24;7;3;6;34;41;198
0850;10;4;2;;1;5;8;30
0851;81;23;8;5;2;8;11;138
0852;109;17;3;;11;14;22;176
0853;104;14;1;6;8;23;29;185
0854;47;16;1;2;6;4;3;79
0855;63;10;3;3;3;12;3;97
0856;41;10;3;3;9;11;11;88
0857;79;9;7;3;3;13;4;118
0858;107;27;4;9;12;22;16;197
0859;73;22;9;6;5;17;5;137
0860;22;3;3;;5;4;4;41
0861;25;4;2;;2;3;3;39
0862;61;15;1;3;7;14;20;121
0863;72;10;3;7;6;14;22;134
0864;;;;;;;;
0865;56;13;4;3;6;7;18;107
0866;68;16;9;4;6;20;11;134
0867;12;;2;;1;1;3;19
0868;100;20;5;11;3;27;17;183
0869;59;18;6;6;5;5;11;110
0870;61;13;3;5;5;14;10;111
0871;16;5;;2;;4;5;32
0872;20;7;3;2;1;6;7;46
0873;35;4;1;4;4;13;17;78
0874;49;6;5;2;1;9;4;76
0875;36;9;5;1;2;9;;62
0876;21;3;2;2;1;9;5;43
0877;11;4;1;1;1;2;6;26
0878;27;2;3;2;1;6;2;43
0879;54;13;3;4;2;18;7;101
0880;13;2;;;2;7;3;27
0881;22;5;1;2;2;9;12;53
0882;;;;;;;;
0883;;;;;;;;
0884;;;;;;;;
0885;6;;;;;;;6
0886;1;;;;;;;1
0887;;;;;;;;
0888;46;16;8;4;9;29;28;140
0889;;;;;;;;
0890;;;;;;;;
0891;10;3;1;;1;7;5;27
0892;3;;;;;6;;9
0893;10;;;1;4;;;15
0894;3;;;;2;;;5
0895;;;;;;;;
0896;25;4;4;4;;9;6;52
0897;5;3;;;;;1;9
0898;29;8;4;3;3;15;11;73
0899;33;4;6;1;5;17;20;86
0900;14;3;2;;;4;;23
0901;30;14;4;2;6;12;25;93
0902;93;28;3;8;6;29;42;209
0903;81;15;11;7;7;25;32;178
0904;43;11;1;3;3;18;21;100
0905;64;11;2;6;7;32;15;137
0906;107;27;14;4;10;33;35;230
0907;38;8;2;4;;18;9;79
0908;110;33;8;3;8;43;23;228
0909;30;7;8;3;2;7;5;62
0910;51;15;2;5;3;22;32;130
0911;62;11;4;2;9;33;36;157
0912;107;28;13;12;22;92;33;307
0913;37;9;2;2;4;20;23;97
0914;14;4;1;2;1;5;12;39
0915;10;1;;;1;5;12;29
0916;11;;;2;4;4;1;22
0917;87;19;6;1;14;39;28;194
0918;62;28;3;4;8;20;29;154
0919;53;24;5;6;9;26;17;140
0920;48;16;6;3;;10;14;97
0921;79;37;10;8;11;41;30;216
0922;64;22;5;7;7;48;32;185
0923;59;16;6;5;7;24;31;148
0924;16;7;1;1;4;6;3;38
0925;10;;2;;2;3;4;21
0926;34;15;;1;5;10;10;75
0927;69;13;2;5;10;22;6;127
0928;67;10;9;3;8;34;35;166
0929;20;6;;1;2;8;1;38
0930;88;27;12;7;11;32;18;195
0931;58;12;5;;1;23;24;123
0932;39;7;2;5;4;11;11;79
0933;6;;;;;;2;8
0934;2;1;;;;;;3
0935;9;1;;;1;;1;12
0936;4;;;;;;2;6
0937;12;5;;;;;;17
0938;2;2;1;2;1;;;8
0939;;;;;;;;
0940;10;1;;;;1;2;14
0941;1;1;;;;3;;5
0942;1;1;;;2;;;4
0943;;;;;;;;
0944;3;;;;;;;3
0945;10;3;1;;1;1;1;17
0946;7;1;1;;;1;;10
0947;;;;;;;;
0948;24;8;3;1;3;7;5;51
0949;4;;1;;1;2;;8
0950;;;;;;;;
0951;2;;;;1;;2;5
0952;16;4;;;;2;1;23
0953;;;;;;;;
0954;;;;;;;;
0955;3;;;;;;;3
0956;;;;;;;;
0957;2;;;1;;1;1;5
0958;5;1;;;;2;;8
0959;;;;;;;3;3
0960;;;;;;;;
0961;;;;;;;;
0962;1;;2;;;;;3
0963;;;;;;;;
0964;1;;;;;;;1
0965;;;;;;;;
0966;89;30;13;5;6;18;28;189
0967;12;2;;3;4;1;2;24
0968;;;;;;;;
0969;34;15;6;6;8;21;17;107
0970;28;4;2;3;1;6;11;55
0971;29;12;3;5;5;14;6;74
0972;;;;;;;;
0973;;;;;;;;
0974;;;;;;;;
0975;;;;;;;;
0976;;;;;;;;
0977;;;;;;;;
0978;11;1;;1;;16;4;33
0979;36;10;5;3;5;25;4;88
0980;17;11;4;5;4;15;11;67
0981;2;;;;2;;4;8
0982;17;5;1;3;2;22;27;77
0983;5;;3;2;;10;10;30
0984;40;11;7;7;7;34;13;119
0985;44;11;8;4;5;25;12;109
0986;30;7;4;10;3;28;22;104
0987;1;;;1;1;4;10;17
0988;42;20;7;6;3;23;13;114
0989;14;8;1;;;6;7;36
0990;36;33;5;9;7;29;20;139
0991;41;17;12;8;9;33;26;146
0992;36;11;3;5;9;27;48;139
0993;;;;;;;;
0994;12;4;3;1;7;9;6;42
0995;34;15;11;8;9;22;16;115
0996;1;;;;;;;1
0997;42;12;4;4;3;13;16;94
0998;67;17;2;6;4;17;29;142
0999;28;7;7;4;5;14;10;75
1000;18;8;9;4;6;20;2;67
1001;66;23;7;8;5;32;32;173
1002;33;24;5;3;8;27;25;125
1003;47;21;4;5;13;38;17;145
1004;38;32;4;5;7;44;32;162
1005;39;13;1;4;10;20;20;107
1006;34;18;3;2;9;29;21;116
1007;46;15;4;2;7;28;25;127
1008;17;8;4;2;1;9;7;48
1009;;;;;;;;
1010;22;8;2;;3;12;18;65
1011;11;4;1;;2;3;5;26
1012;;;;;;;;
1013;42;4;2;5;3;21;17;94
1014;25;7;1;1;3;10;1;48
1015;61;24;8;8;9;44;23;177
1016;49;17;4;6;9;30;25;140
1017;22;10;;3;3;22;17;77
1018;20;9;;1;3;10;9;52
1019;11;2;;1;;5;3;22
1020;13;;;;1;5;4;23
1021;20;3;3;1;3;6;3;39
1022;9;5;1;5;2;12;2;36
1023;14;2;1;;2;13;10;42
1024;63;18;6;3;12;41;16;159
1025;;;;;;;;
1026;;;;;;;;
1027;5;3;;1;;5;3;17
1028;77;24;7;9;7;52;33;209
1029;53;16;5;7;6;43;40;170
1030;;;;;;;;
1031;16;9;7;5;5;8;11;61
1032;34;20;9;6;7;32;18;126
1033;61;15;;8;8;10;27;129
1034;10;3;1;;2;11;;27
1035;28;4;1;5;2;12;5;57
1036;9;4;6;1;2;13;5;40
1037;23;5;2;1;7;12;19;69
1038;33;12;3;9;2;14;5;78
1039;;;;;;;;
1040;31;7;;;6;7;4;55
1041;103;34;10;14;7;54;55;277
1042;69;20;6;11;13;33;35;187
1043;39;12;5;6;8;17;25;112
1044;16;11;2;4;3;11;18;65
1045;;;;;;;;
1046;14;11;3;3;;10;5;46
1047;10;10;;2;2;9;5;38
1048;;;;;;;;
1049;12;4;;1;2;2;1;22
1050;9;1;;;;3;;13
1051;3;6;;3;11;6;3;32
1052;62;18;1;;10;14;23;128
1053;10;3;;;2;2;6;23
1054;82;19;4;8;5;23;44;185
1055;49;15;5;6;9;22;18;124
1056;42;10;8;4;8;13;17;102
1057;49;14;5;11;7;17;27;130
1058;26;6;2;2;1;10;11;58
1059;8;;1;;;1;3;13
1060;18;9;4;1;3;14;11;60
1061;44;16;4;2;4;23;27;120
1062;11;1;1;1;;2;3;19
1063;8;1;;;3;1;;13
1064;70;24;6;7;10;35;27;179
1065;17;10;2;2;7;7;5;50
1066;56;13;3;2;3;19;13;109
1067;17;4;4;3;;4;3;35
1068;41;20;5;7;5;21;13;112
1069;15;6;1;2;2;1;3;30
1070;43;13;4;3;10;30;20;123
1071;48;20;9;7;9;38;23;154
1072;3;;;;;;3;6
1073;10;2;;1;;;6;19
1074;35;14;6;3;7;14;13;92
1075;6;2;;;;5;4;17
1076;3;;;;1;;;4
1077;58;20;7;8;9;29;14;145
1078;;;;;;;;
1079;64;35;2;9;6;37;12;165
1080;;;;;;;;
1081;108;34;7;7;11;40;24;231
1082;21;8;;6;2;5;2;44
1083;1;4;1;4;4;1;3;18
1084;;;;;;;1;1
1085;;2;;;;;;2
1086;91;23;7;13;6;40;20;200
1087;1;;;;;;;1
1088;;;;;;;;
1089;16;4;1;;1;3;11;36
1090;95;28;13;12;8;44;9;209
1091;85;28;13;9;16;63;38;252
1092;86;27;7;4;7;57;45;233
1093;47;4;5;4;6;30;24;120
1094;;;;;;;;
1095;;;;;;;;
1096;;;;;;;;
1097;71;23;10;9;17;49;32;211
1098;44;8;3;5;4;38;49;151
1099;28;13;1;;3;22;14;81
1100;1;;;;;1;1;3
1101;70;33;7;1;5;31;13;160
1102;54;20;4;3;10;29;33;153
1103;;;;;;;;
1104;57;19;6;4;15;49;13;163
1105;42;12;3;2;8;35;25;127
1106;42;12;3;4;7;34;15;117
1107;85;18;2;4;6;55;29;199
1108;49;14;;3;2;16;6;90
1109;31;6;4;1;4;12;7;65
1110;5;;;;;;;5
1111;6;2;1;;;1;;10
1112;9;;;;;1;19;29
1113;9;;;;;1;1;11
1114;5;;;;1;;12;18
1115;;;;;;;1;1
1116;7;1;;;;5;;13
1117;;;;;;;;
1118;2;1;;;;1;1;5
1119;6;;;;;1;12;19
1120;8;;;;;;;8
1121;;;;;;;;
1122;;;;;;;;
1123;;;;;;;2;2
1124;;;;;;;;
1125;;1;;;;;;1
1126;;;;;;;1;1
1127;;;;;;;;
1128;1;1;;;;4;4;10
1129;;;;;;;;
1130;3;;;;;1;;4
1131;;;;;;;;
1132;31;14;9;6;7;8;14;89
1133;;;;;;;;
1134;1;3;1;1;;1;4;11
1135;;;;;;;;
1136;30;32;14;8;23;19;42;168
1137;11;6;2;4;;4;4;31
1138;15;15;6;3;12;6;21;78
1139;45;9;12;12;4;18;24;124
1140;3;2;;1;;;2;8
1141;3;2;1;1;;1;6;14
1142;1;2;;;1;1;2;7
1143;16;10;4;3;4;4;9;50
1144;12;9;;3;4;2;2;32
1145;29;11;8;6;4;4;11;73
1146;6;5;2;2;;3;3;21
1147;13;2;4;1;1;2;1;24
1148;63;24;20;16;19;27;28;197
1149;7;;;;;;3;10
1150;4;3;;;;1;1;9
1151;20;8;5;3;2;7;4;49
1152;30;22;3;5;15;7;11;93
1153;10;3;;1;;1;5;20
1154;17;14;5;4;3;9;9;61
1155;33;15;3;6;8;6;10;81
1156;39;16;4;7;6;9;18;99
1157;4;1;;;1;;1;7
1158;11;1;;;3;2;1;18
1159;1;3;1;;;1;2;8
1160;;;;;;;;
1161;;;;;;;;
1162;62;30;40;13;40;199;37;421
1163;3;;5;1;4;2;2;17
1164;6;1;3;1;2;4;6;23
1165;16;19;7;4;12;6;11;75
1166;11;8;1;2;7;2;4;35
1167;15;4;2;1;3;8;15;48
1168;3;6;3;1;2;1;9;25
1169;4;3;;2;1;2;5;17
1170;32;11;9;5;11;15;23;106
1171;5;2;2;4;;1;9;23
1172;11;3;5;5;2;5;13;44
1173;5;2;2;3;;2;3;17
1174;9;3;2;2;2;5;3;26
1175;30;11;8;24;4;4;5;86
1176;1;5;2;1;1;;9;19
1177;5;;;1;1;;5;12
1178;;;;;;;1;1
1179;6;2;1;1;;1;5;16
1180;;;;;;;;
1181;10;3;2;2;3;;3;23
1182;7;1;;;1;1;;10
1183;9;1;;1;;1;3;15
1184;;;1;3;1;;2;7
1185;;1;;;;;;1
1186;1;;;;;;5;6
1187;17;3;2;1;2;2;8;35
1188;13;4;5;5;3;3;9;42
1189;;;;;;;;
1190;5;5;2;4;2;3;6;27
1191;6;1;1;;1;;4;13
1192;1;;1;;3;;5;10
1193;4;2;;;3;;;9
1194;1;;;;;;;1
1195;1;;;;;;;1
1196;;;1;;;;2;3
1197;1;;;;2;2;3;8
1198;;;;;1;;;1
1199;;1;1;;;1;1;4
1200;6;1;2;1;4;1;2;17
1201;1;1;2;;4;2;2;12
1202;5;1;1;1;;3;1;12
1203;1;3;;2;6;4;2;18
1204;2;1;;;;;5;8
1205;4;3;1;;;;2;10
1206;1;3;2;1;4;;1;12
1207;15;3;2;1;2;5;6;34
1208;;;;;;;;
1209;4;2;1;;;;1;8
1210;12;2;;1;1;;4;20
1211;4;1;;2;3;1;1;12
1212;12;3;2;1;2;3;1;24
1213;7;8;4;1;5;4;11;40
1214;12;2;;2;;2;4;22
1215;;;;1;1;4;;6
1216;10;9;4;4;6;7;9;49
1217;;1;;;;1;;2
1218;15;11;2;1;2;4;9;44
1219;6;;1;;4;1;;12
1220;;;;;;;;
1221;;;;;;;;
1222;14;6;3;6;8;4;2;43
1223;11;9;1;5;4;4;18;52
1224;6;6;3;;4;;;19
1225;3;4;2;2;5;1;5;22
1226;2;2;5;;1;;;10
1227;10;6;3;1;3;2;6;31
1228;11;10;1;1;6;9;6;44
1229;10;4;2;3;7;10;8;44
1230;11;12;3;4;9;12;10;61
1231;16;11;5;1;4;9;9;55
1232;28;16;5;4;9;13;15;90
1233;36;20;17;10;15;35;26;159
1234;27;14;6;9;5;4;11;76
1235;31;16;4;7;11;17;19;105
1236;25;8;3;7;7;14;13;77
1237;40;17;7;6;5;13;18;106
1238;26;15;5;2;11;14;15;88
1239;28;13;5;5;7;11;11;80
1240;28;17;8;9;10;13;13;98
1241;31;16;17;10;17;17;21;129
1242;;;;;;;;
1243;7;2;1;1;1;2;3;17
1244;;;;;;;;
1245;39;33;20;15;16;17;17;157
1246;25;11;6;7;4;10;10;73
1247;3;;2;2;1;5;1;14
1248;6;;2;2;4;1;2;17
1249;1;;;1;;;;2
1250;;2;1;1;;2;1;7
1251;7;3;;1;1;;2;14
1252;;;;;;;;
1253;;;;;;;;
1254;1;2;3;1;2;3;2;14
1255;3;4;2;1;5;2;5;22
1256;12;7;5;3;5;9;9;50
1257;1;4;;;1;2;2;10
1258;4;2;3;1;1;3;2;16
1259;18;9;5;5;4;6;10;57
1260;5;2;1;1;1;1;5;16
1261;18;11;10;4;7;11;7;68
1262;5;3;1;;2;7;1;19
1263;17;3;2;5;3;5;4;39
1264;44;14;12;8;17;28;28;151
1265;4;3;;1;;4;;12
1266;2;1;;;1;;1;5
1267;3;5;2;1;2;3;1;17
1268;36;8;12;6;11;13;21;107
1269;25;19;6;4;4;13;19;90
1270;31;17;9;4;28;17;17;123
1271;34;15;12;5;7;14;10;97
1272;38;12;10;7;13;24;27;131
1273;24;12;7;7;8;17;8;83
1274;40;24;18;12;15;16;19;144
1275;36;18;19;8;13;24;9;127
1276;25;25;10;9;10;25;17;121
1277;23;25;8;11;8;11;19;105
1278;12;13;9;5;7;8;9;63
1279;14;14;4;12;8;16;16;84
1280;29;16;6;3;10;20;15;99
1281;24;13;11;7;8;24;25;112
1282;10;5;1;;4;10;6;36
1283;1;;;;;1;1;3
1284;43;11;3;2;11;19;21;110
1285;24;17;10;4;4;9;16;84
1286;3;3;1;1;1;5;1;15
1287;10;3;2;4;7;2;1;29
1288;19;8;8;9;10;8;10;72
1289;33;21;6;8;9;21;26;124
1290;10;9;1;1;3;3;6;33
1291;1;;1;;;3;;5
1292;;;;;;;;
1293;9;3;3;4;3;4;3;29
1294;32;17;4;9;11;34;9;116
1295;15;9;2;6;5;9;19;65
1296;28;13;16;16;13;11;19;116
1297;;;;1;;1;;2
1298;5;4;3;;3;1;5;21
1299;;;;;;;;
1300;48;29;10;7;24;32;15;165
1301;17;17;9;7;10;11;11;82
1302;9;2;1;;5;6;3;26
1303;61;30;12;9;20;26;30;188
1304;31;8;9;6;8;25;15;102
1305;30;29;18;18;20;21;27;163
1306;;;;;;;;
1307;21;12;5;8;13;13;8;80
1308;32;8;6;6;7;15;32;106
1309;17;9;4;3;4;7;5;49
1310;24;10;6;4;5;16;7;72
1311;26;9;1;5;8;18;10;77
1312;35;16;9;8;2;23;20;113
1313;56;9;6;3;6;30;46;156
1314;76;29;7;6;12;51;42;223
1315;30;22;5;1;5;19;21;103
1316;11;4;1;;;2;2;20
1317;12;7;3;3;3;7;8;43
1318;5;4;;3;2;3;1;18
1319;22;11;25;11;19;16;12;116
1320;2;5;3;;;2;2;14
1321;8;6;4;1;5;3;14;41
1322;8;8;2;;2;1;3;24
1323;12;6;8;;1;6;15;48
1324;15;19;3;3;5;5;8;58
1325;26;19;8;8;4;5;8;78
1326;10;;1;2;1;5;3;22
1327;15;3;1;1;1;1;;22
1328;;;;;;;;
1329;34;9;7;5;6;12;6;79
1330;18;7;4;6;10;5;11;61
1331;46;16;8;7;11;42;18;148
1332;47;18;8;6;9;25;26;139
1333;29;11;1;3;2;19;12;77
1334;35;14;9;5;6;27;10;106
1335;15;5;2;2;4;12;11;51
1336;11;13;4;2;6;6;4;46
1337;67;34;18;14;20;26;30;209
1338;51;18;8;7;14;13;16;127
1339;51;25;19;20;15;23;25;178
1340;8;6;3;2;1;5;8;33
1341;12;8;2;2;1;3;4;32
1342;10;5;1;2;2;7;5;32
1343;28;10;5;3;5;6;7;64
1344;29;14;8;7;10;14;13;95
1345;11;5;2;4;3;4;5;34
1346;11;4;2;3;3;3;;26
1347;34;11;5;1;8;11;9;79
1348;26;8;3;3;6;16;12;74
1349;29;10;3;5;9;14;8;78
1350;54;40;22;13;18;33;18;198
1351;56;13;5;3;11;34;32;154
1352;;;;;;;;
1353;;;;;;;;
1354;38;18;8;3;5;24;20;116
1355;35;10;5;4;10;18;19;101
1356;;;;;;;;
1357;4;7;3;2;4;3;4;27
1358;14;4;4;;4;7;9;42
1359;9;2;1;1;10;1;3;27
1360;18;3;4;3;3;8;5;44
1361;32;12;9;1;8;11;17;90
1362;3;3;1;;2;5;4;18
1363;7;4;3;;6;2;3;25
1364;14;6;1;;3;6;6;36
1365;23;10;3;1;12;19;9;77
1366;29;9;1;4;5;5;6;59
1367;25;10;5;;7;4;7;58
1368;22;2;3;4;7;11;3;52
1369;11;11;3;3;4;10;13;55
1370;44;27;12;5;19;32;15;154
1371;44;24;6;6;9;15;13;117
1372;58;30;19;10;18;29;45;209
1373;74;30;14;11;17;39;24;209
1374;29;15;;;12;13;9;78
1375;74;30;10;7;12;22;12;167
1376;12;7;1;;;2;3;25
1377;;;;;;;;
1378;18;20;9;1;11;11;16;86
1379;15;10;8;2;3;5;8;51
1380;;;;;;;;
1381;1;;2;;2;1;5;11
1382;8;4;3;2;4;1;7;29
1383;22;14;7;5;3;2;8;61
1384;17;5;2;5;5;2;9;45
1385;2;4;2;4;1;3;4;20
1386;20;19;11;4;12;3;14;83
1387;8;4;1;4;5;2;10;34
1388;8;6;5;;1;;7;27
1389;3;3;;;5;;4;15
1390;53;33;13;9;16;16;23;163
1391;54;23;10;11;19;40;23;180
1392;22;8;6;9;8;11;10;74
1393;23;10;;5;8;4;14;64
1394;14;7;1;2;;5;10;39
1395;8;1;4;;5;5;2;25
1396;2;2;;;2;2;2;10
1397;13;6;3;2;2;5;8;39
1398;27;23;10;4;12;9;18;103
1399;1;3;4;2;1;6;;17
1400;10;8;5;2;7;5;7;44
1401;18;14;8;5;11;11;7;74
1402;22;19;2;2;8;7;3;63
1403;46;28;8;11;9;11;12;125
1404;;;;;;;2;2
1405;4;7;2;1;3;9;4;30
1406;14;7;6;3;10;2;5;47
1407;16;7;6;2;10;;8;49
1408;30;22;1;3;8;14;11;89
1409;;;;;;;;
1410;10;11;1;6;2;1;4;35
1411;12;13;4;3;10;4;3;49
1412;;;;;;;;
1413;69;27;7;12;20;21;31;187
1414;61;30;19;14;11;24;20;179
1415;4;;1;;;2;2;9
1416;20;6;2;2;4;3;4;41
1417;1;;;;;;;1
1418;21;6;4;6;3;16;10;66
1419;25;7;2;2;7;9;37;89
1420;24;9;2;1;5;10;11;62
1421;25;11;3;2;8;15;16;80
1422;17;7;5;7;4;9;12;61
1423;39;17;11;6;10;9;22;114
1424;51;13;5;8;8;28;17;130
1425;17;4;2;2;;7;7;39
1426;78;30;13;8;11;37;28;205
1427;8;6;1;;1;5;3;24
1428;;;;;;;;
1429;21;2;3;;6;8;6;46
1430;36;8;3;3;1;15;6;72
1431;12;8;1;2;1;7;7;38
1432;25;6;2;2;1;9;5;50
1433;19;5;;;2;9;5;40
1434;28;9;3;5;4;9;7;65
1435;7;1;;1;;3;1;13
1436;6;2;;;1;2;1;12
1437;4;2;;1;3;8;5;23
1438;18;5;2;2;2;4;7;40
1439;14;7;2;3;1;7;6;40
1440;41;15;7;3;7;25;25;123
1441;94;29;5;11;10;35;37;221
1442;21;12;4;3;4;10;8;62
1443;17;5;2;;5;5;13;47
1444;22;5;;4;6;8;2;47
1445;21;8;2;3;4;18;7;63
1446;28;11;3;6;1;12;7;68
1447;15;12;9;10;11;15;7;79
1448;17;10;3;3;2;16;17;68
1449;23;14;21;6;12;55;18;149
1450;;;;;;;;
1451;;;;;;;;
1452;;;;;;;;
1453;1;2;1;2;2;5;;13
1454;;;;;;;;
1455;10;7;1;;3;8;5;34
1456;;;;;;;;
1457;;;;;1;3;2;6
1458;2;3;;;;4;;9
1459;;;;;;;;
1460;23;26;7;10;5;20;11;102
1461;13;7;3;1;2;15;10;51
1462;18;12;6;4;6;19;5;70
1463;40;25;8;4;12;27;30;146
1464;20;28;6;10;9;23;11;107
1465;28;16;6;14;15;21;13;113
1466;16;13;4;4;10;19;17;83
1467;34;15;4;7;6;15;21;102
1468;51;22;13;8;17;42;24;177
1469;;;;;;;;
1470;14;5;1;3;6;4;5;38
1471;6;5;2;2;2;14;7;38
1472;;;;1;;1;;2
1473;11;5;5;2;11;14;4;52
1474;3;4;3;3;1;11;6;31
1475;9;6;2;3;2;5;7;34
1476;10;5;6;6;6;11;2;46
1477;17;20;11;8;7;25;13;101
1478;20;13;4;8;12;22;10;89
1479;18;8;7;8;18;25;26;110
1480;29;14;16;6;8;15;22;110
1481;23;15;3;7;8;28;9;93
1482;15;18;6;8;8;36;13;104
1483;25;21;7;8;14;25;18;118
1484;9;8;3;;3;15;11;49
1485;17;5;8;2;4;8;10;54
1486;36;30;9;11;12;21;16;135
1487;7;3;2;;;10;5;27
1488;3;4;3;;4;2;7;23
1489;6;4;1;;5;4;10;30
1490;11;4;2;3;5;7;9;41
1491;7;1;3;2;2;7;1;23
1492;9;8;4;5;1;3;2;32
1493;11;7;1;4;6;21;13;63
1494;5;2;;;2;3;2;14
1495;;;;;;;2;2
1496;14;12;4;7;6;6;10;59
1497;13;14;4;4;6;10;11;62
1498;3;1;3;2;2;6;;17
1499;;;;;;;;
1500;;;;;;;;
1501;7;8;5;4;4;18;16;62
1502;1;;;;;2;;3
1503;22;13;3;5;3;10;14;70
1504;;;;;;;;
1505;;5;;1;;;;6
1506;12;2;3;3;;10;4;34
1507;8;4;;;2;6;5;25
1508;7;2;3;2;5;3;;22
1509;;1;;1;1;;1;4
1510;5;1;1;;1;4;1;13
1511;3;2;3;4;2;6;2;22
1512;4;3;5;1;1;4;5;23
1513;;;;;;;;
1514;;;2;;;;5;7
1515;3;7;;;;;;10
1516;4;1;;2;2;3;3;15
1517;;1;2;1;;;;4
1518;7;1;;2;1;6;6;23
1519;2;3;3;3;1;3;2;17
1520;3;2;1;2;2;5;3;18
1521;;;;;;1;1;2
1522;31;23;13;8;10;32;21;138
1523;;2;1;1;1;1;2;8
1524;1;3;;3;;;2;9
1525;23;17;6;10;10;17;19;102
1526;9;5;3;1;2;6;4;30
1527;23;29;6;10;7;18;23;116
1528;14;9;2;4;5;11;19;64
1529;;;;;;;1;1
1530;7;5;6;3;4;9;16;50
1531;11;14;4;3;16;15;15;78
1532;16;17;6;11;4;13;9;76
1533;16;9;10;1;8;11;11;66
1534;4;8;4;7;4;5;6;38
1535;42;13;4;2;6;19;29;115
1536;;;;;;;;
1537;9;2;3;2;3;13;26;58
1538;1;;;;;;;1
1539;;;;;;;;
1540;5;2;4;;1;;1;13
1541;3;4;2;2;1;2;3;17
1542;15;18;2;6;8;10;11;70
1543;1;;;;1;;;2
1544;4;6;1;;6;11;9;37
1545;17;13;8;1;15;3;11;68
1546;7;6;3;3;6;1;3;29
1547;8;12;3;;8;6;7;44
1548;23;20;9;7;13;15;23;110
1549;17;20;6;5;11;11;26;96
1550;38;28;4;9;21;34;37;171
1551;37;38;12;10;15;33;18;163
1552;17;12;4;4;9;13;12;71
1553;;;;;;;;
1554;60;22;13;14;26;31;42;208
1555;13;15;3;12;10;18;7;78
1556;28;23;12;9;8;43;24;147
1557;10;17;7;4;7;16;13;74
1558;49;38;12;15;10;43;30;197
1559;;;;;;;;
1560;32;17;8;2;14;15;10;98
1561;26;9;4;3;12;27;16;97
1562;29;24;9;4;11;22;32;131
1563;20;19;2;9;6;13;3;72
1564;10;4;;2;;8;9;33
1565;4;4;;2;;4;6;20
1566;7;10;4;3;5;15;2;46
1567;21;16;;2;4;24;9;76
1568;1;;4;;;;1;6
1569;15;4;2;5;6;12;4;48
1570;9;7;;3;3;10;3;35
1571;18;3;1;1;4;10;3;40
1572;10;11;6;1;4;12;3;47
1573;5;;1;;;4;2;12
1574;13;12;7;;4;7;11;54
1575;;1;;;;2;1;4
1576;39;7;4;5;5;14;11;85
1577;5;7;;1;;4;2;19
1578;;;;;;;;
1579;57;26;9;9;20;56;18;195
1580;12;6;2;1;2;14;4;41
1581;9;5;;2;;5;3;24
1582;16;4;3;3;1;9;3;39
1583;56;17;10;10;15;45;23;176
1584;42;21;6;3;7;16;6;101
1585;12;6;6;6;5;8;4;47
1586;49;11;4;5;3;9;5;86
1587;25;11;1;2;7;8;6;60
1588;10;10;2;2;3;3;5;35
1589;16;4;3;2;2;8;13;48
1590;10;8;4;2;1;3;3;31
1591;62;26;6;4;6;34;26;164
1592;20;7;;3;2;10;7;49
1593;;;;;;;;
1594;18;2;2;3;1;11;27;64
1595;4;6;1;3;4;2;3;23
1596;4;6;6;;5;5;2;28
1597;8;5;1;;3;;8;25
1598;28;10;2;3;6;17;23;89
1599;22;10;1;;1;15;21;70
1600;32;22;5;1;11;29;25;125
1601;55;11;2;3;5;11;6;93
1602;77;33;12;6;10;35;29;202
1603;30;19;14;8;14;26;12;123
1604;;;;;;;;
1605;1;;;;;;;1
1606;;;;;;;;
1607;26;15;5;3;4;19;7;79
1608;44;8;7;5;2;20;36;122
1609;1;;;;1;1;;3
1610;12;10;;;4;4;11;41
1611;46;25;9;6;7;51;24;168
1612;9;1;1;1;;2;2;16
1613;18;7;2;2;7;10;10;56
1614;23;14;3;7;5;11;8;71
1615;19;7;1;1;4;20;7;59
1616;52;23;12;4;6;23;16;136
1617;6;4;3;2;1;7;9;32
1618;43;16;3;6;10;19;6;103
1619;5;4;;;3;2;;14
1620;15;4;2;2;3;4;8;38
1621;9;7;4;2;4;6;6;38
1622;3;2;1;1;1;9;5;22
1623;11;4;2;1;3;16;3;40
1624;8;4;;;;;;12
1625;10;3;;;;4;1;18
1626;11;3;2;;4;4;;24
1627;46;22;9;3;8;29;19;136
1628;;;;;;;;
1629;3;3;2;2;;5;8;23
1630;20;13;1;2;7;12;7;62
1631;35;13;5;1;7;22;11;94
1632;51;33;3;8;10;32;18;155
1633;26;18;1;5;9;20;10;89
1634;51;15;5;5;4;3;3;86
1635;38;20;14;7;6;29;24;138
1636;50;11;4;2;5;15;18;105
1637;38;9;7;8;8;20;31;121
1638;29;18;7;2;10;20;6;92
1639;10;7;2;4;3;13;16;55
1640;14;5;2;2;3;7;;33
1641;10;4;6;5;3;8;9;45
1642;25;14;4;2;3;12;14;74
1643;24;20;1;4;7;18;16;90
1644;32;12;4;4;5;18;13;88
1645;5;7;1;;;6;3;22
1646;40;19;4;8;12;13;8;104
1647;;;;;;;;
1648;18;12;2;2;3;13;9;59
1649;26;9;8;1;6;8;16;74
1650;30;14;2;11;4;12;22;95
1651;27;18;4;2;4;13;16;84
1652;23;4;3;1;1;2;6;40
1653;36;19;9;10;9;16;26;125
1654;27;16;3;4;9;8;16;83
1655;26;8;4;2;5;7;9;61
1656;30;12;7;6;9;29;8;101
1657;31;12;3;2;9;20;19;96
1658;36;8;3;1;6;21;12;87
1659;5;3;2;;1;2;5;18
1660;22;11;7;4;3;27;13;87
1661;6;1;2;;3;1;15;28
1662;7;4;2;3;2;4;2;24
1663;;;;;;;;
1664;5;1;;;;3;4;13
1665;5;;;;;1;1;7
1666;5;2;;;;2;2;11
1667;;;;;;;;
1668;;;;;;;;
1669;1;;;;;2;;3
1670;;;;;;;;
1671;;;;;;;;
1672;;;;;;;;
1673;2;;;;;;;2
1674;2;1;;;1;1;;5
1675;1;2;;1;1;1;4;10
1676;20;8;4;2;;6;5;45
1677;;;;;;;;
1678;;;;;;;;
1679;13;7;1;1;;4;7;33
1680;10;2;1;1;;;;14
1681;4;1;;;;1;1;7
1682;9;1;;1;1;4;14;30
1683;;;;;;;;
1684;;;;;;;;
1685;2;1;;;;;;3
1686;;;;;;;;
1687;188;47;14;13;22;45;18;347
1688;26;10;3;1;1;3;2;46
1689;88;20;9;5;13;22;9;166
1690;2;;;;;;;2
1691;2;;;;;;1;3
1692;;;;;;;;
1693;;;;;;;;
1694;;;;;;;;
1695;;;;;;;;
1696;5;1;;;;1;;7
1697;;;;;;;1;1
1698;1;;;;;;1;2
1699;8;5;1;;2;6;1;23
1700;;;;;;;;
1701;;;;;;1;;1
1702;;;;;;1;;1
1703;1;;;;;;;1
1704;;;;;;;;
1705;6;;;;;;1;7
1706;1;;;;;;;1
1707;;;;;;;;
1708;;;;;;;;
1709;2;;;;;;1;3
1710;1;;;;;;;1
1711;;;;;;;1;1
1712;;;;;;;2;2
1713;;;;;;;;
1714;7;3;1;;;4;;15
1715;3;;;;;;;3
1716;1;;;;;;;1
1717;8;;;;;;1;9
1718;1;;;;;;;1
1719;4;;;;1;2;1;8
1720;13;3;;2;;4;14;36
1721;17;5;1;1;3;4;8;39
1722;103;28;12;7;15;37;37;239
1723;12;4;;3;2;13;8;42
1724;25;7;10;5;8;14;19;88
1725;82;29;2;10;12;36;22;193
1726;20;5;2;3;3;12;7;52
1727;32;9;5;6;12;7;7;78
1728;32;9;2;4;4;18;8;77
1729;17;1;1;3;2;3;8;35
1730;46;14;;2;2;13;14;91
1731;47;6;3;4;5;20;16;101
1732;;;;;;;;
1733;3;;1;2;;2;3;11
1734;5;2;1;;1;5;1;15
1735;;;;;;;;
1736;;;;;;;;
1737;;;;;;;;
1738;11;3;;4;4;6;7;35
1739;34;4;;;5;12;10;65
1740;7;1;;;2;1;;11
1741;14;9;2;;13;12;14;64
1742;61;19;3;2;8;41;40;174
1743;3;;;1;1;2;1;8
1744;50;7;1;5;6;14;23;106
1745;91;37;13;11;10;35;35;232
1746;7;1;;;1;7;8;24
1747;84;26;8;7;17;39;27;208
1748;14;4;1;3;1;15;6;44
1749;149;37;6;5;9;48;87;341
1750;105;42;8;6;9;31;32;233
1751;;;;;;;;
1752;10;2;;2;2;5;1;22
1753;5;1;1;;2;3;;12
1754;70;15;6;7;11;45;26;180
1755;4;;1;;;1;1;7
1756;34;4;1;4;3;12;5;63
1757;17;1;2;;2;1;1;24
1758;3;3;1;;;3;;10
1759;8;2;2;1;1;1;4;19
1760;46;8;3;2;9;13;7;88
1761;;;;;;;3;3
1762;8;2;;;;;;10
1763;22;5;3;;;3;2;35
1764;2;1;;;;;1;4
1765;;;;;;;;
1766;10;2;;;1;4;5;22
1767;;;;;;;;
1768;;;;;;;;
1769;45;21;5;5;12;56;41;185
1770;39;14;7;3;16;37;17;133
1771;11;5;;1;2;1;9;29
1772;32;12;5;3;6;40;28;126
1773;;;;;;;;
1774;23;15;4;1;1;10;8;62
1775;;;;;;;;
1776;50;28;9;3;11;30;20;151
1777;26;9;6;4;4;15;9;73
1778;7;1;;1;1;1;;11
1779;4;4;1;2;;9;3;23
1780;3;;;;2;1;2;8
1781;;;;;;;;
1782;;;;;;;;
1783;12;4;2;1;2;3;8;32
1784;;;;;;;;
1785;5;3;;;;;;8
1786;24;3;2;1;2;8;10;50
1787;47;12;3;2;7;15;18;104
1788;51;17;5;9;4;17;11;114
1789;31;6;7;6;4;10;8;72
1790;11;2;1;;2;3;;19
1791;25;11;3;3;6;13;15;76
1792;60;16;4;5;11;35;22;153
1793;49;21;14;11;7;32;22;156
1794;13;4;4;2;3;15;3;44
1795;63;10;7;4;6;20;30;140
1796;17;6;3;5;1;7;17;56
1797;51;11;8;5;7;28;31;141
1798;18;9;1;3;4;8;7;50
1799;25;8;;4;5;17;4;63
1800;14;6;2;3;5;12;8;50
1801;7;2;1;1;5;1;;17
1802;3;3;1;2;;3;6;18
1803;6;;3;;;1;1;11
1804;34;16;;4;10;11;5;80
1805;57;19;9;6;14;24;11;140
1806;56;23;13;12;14;31;18;167
1807;16;5;3;;3;5;1;33
1808;25;5;2;;2;2;3;39
1809;12;3;;;2;1;1;19
1810;;;;;;;;
1811;35;13;9;4;9;16;13;99
1812;6;1;;;1;1;7;16
1813;11;4;1;1;3;1;5;26
1814;31;8;6;2;4;11;17;79
1815;87;11;14;7;11;27;39;196
1816;24;11;2;4;5;8;10;64
1817;10;4;1;3;3;6;3;30
1818;52;15;9;5;4;17;23;125
1819;3;;;;;;;3
1820;20;6;1;3;3;5;7;45
1821;27;7;2;2;4;11;10;63
1822;6;4;1;;;7;5;23
1823;;;;;;;;
1824;53;12;14;8;6;22;16;131
1825;27;7;1;;7;9;12;63
1826;5;;1;;;2;;8
1827;7;6;3;1;2;3;7;29
1828;;1;;;1;1;;3
1829;69;15;4;2;1;12;16;119
1830;38;12;4;2;6;10;10;82
1831;32;7;4;4;2;17;11;77
1832;22;21;5;3;2;14;27;94
1833;38;19;3;2;5;24;6;97
1834;34;16;9;3;5;10;12;89
1835;12;9;4;;8;5;4;42
1836;57;18;4;5;8;18;21;131
1837;62;18;4;3;7;28;14;136
1838;65;16;6;5;9;21;20;142
1839;10;3;;1;;3;5;22
1840;;;;;;;;
1841;1;;1;;;1;1;4
1842;41;9;3;1;7;10;24;95
1843;14;10;3;2;2;9;16;56
1844;15;10;6;4;3;8;9;55
1845;46;18;10;5;9;16;19;123
1846;48;14;11;8;5;15;7;108
1847;37;11;4;8;6;10;5;81
1848;18;6;1;2;4;11;4;46
1849;49;20;4;11;9;28;23;144
1850;27;14;2;5;4;8;7;67
1851;32;14;6;9;5;19;27;112
1852;76;31;15;7;13;19;26;187
1853;27;14;9;5;13;16;16;100
1854;1;;;;;;;1
1855;18;3;6;1;;6;9;43
1856;29;10;;1;3;12;9;64
1857;7;5;1;1;3;3;2;22
1858;12;4;1;2;1;11;5;36
1859;45;15;13;3;10;16;15;117
1860;50;18;8;3;4;24;9;116
1861;42;18;9;6;15;16;16;122
1862;8;4;;1;3;2;;18
1863;7;3;3;2;;2;8;25
1864;2;5;4;;;1;;12
1865;6;2;;1;1;1;3;14
1866;16;5;2;2;2;5;6;38
1867;17;10;7;5;6;6;19;70
1868;48;18;11;4;13;20;26;140
1869;3;2;1;1;1;1;1;10
1870;24;14;2;3;9;15;5;72
1871;14;5;2;1;5;8;3;38
1872;23;4;6;2;6;12;18;71
1873;26;13;3;10;8;10;18;88
1874;23;12;1;2;4;1;4;47
1875;31;8;8;4;8;7;15;81
1876;21;11;12;5;9;7;14;79
1877;101;19;8;6;7;16;16;173
1878;16;5;;4;3;5;3;36
1879;12;2;;2;2;;2;20
1880;101;31;6;8;16;23;28;213
1881;26;4;2;8;6;2;13;61
1882;18;2;3;2;4;3;4;36
1883;1;1;;;;3;3;8
1884;29;12;13;8;7;6;9;84
1885;;;;;;1;;1
1886;22;9;1;3;1;10;7;53
1887;23;5;8;3;6;6;1;52
1888;3;1;;;;;4;8
1889;6;2;2;1;1;1;3;16
1890;10;7;1;1;4;3;2;28
1891;14;7;2;2;2;4;1;32
1892;2;;;;1;;;3
1893;9;6;2;3;7;2;4;33
1894;3;;;;;;1;4
1895;7;1;;1;;;;9
1896;6;4;;5;3;2;3;23
1897;3;1;;;1;1;;6
1898;29;5;1;1;7;7;4;54
1899;29;14;4;3;2;3;11;66
1900;1;;1;;1;;1;4
1901;6;1;;1;;4;;12
1902;63;39;21;14;25;22;42;226
1903;;;;;;;;
1904;8;6;1;1;2;1;;19
1905;29;14;5;5;13;12;12;90
1906;32;19;8;12;14;6;8;99
1907;27;20;11;15;8;4;16;101
1908;1;3;;;1;;1;6
1909;7;2;3;2;2;2;;18
1910;;;;;;;;
1911;3;;;;;;;3
1912;;;;;;;;
1913;3;1;;;1;;3;8
1914;13;4;2;1;2;1;11;34
1915;;;;;;;;
1916;10;1;2;;;;1;14
1917;5;2;2;3;1;3;1;17
1918;;;;;;;1;1
1919;5;2;;;;;1;8
1920;3;1;;;;;;4
1921;;2;1;;1;;;4
1922;;;;;;1;;1
1923;;;;;;;;
1924;1;2;;;;;2;5
1925;6;2;;2;1;1;3;15
1926;3;3;2;1;2;1;2;14
1927;;3;;;;;;3
1928;;;;;;;;
1929;;;;;;;;
1930;3;;1;2;;1;;7
1931;4;;1;;;4;;9
1932;50;18;9;5;13;35;33;163
1933;49;18;15;10;12;37;20;161
1934;40;26;8;10;14;29;9;136
1935;42;17;8;15;12;23;20;137
1936;13;16;7;4;6;14;13;73
1937;60;30;15;14;22;41;30;212
1938;38;26;11;15;19;30;25;164
1939;24;7;9;14;11;22;22;109
1940;27;14;6;5;9;25;29;115
1941;24;13;12;9;8;25;14;105
1942;47;19;9;7;7;32;21;142
1943;27;9;4;4;4;24;7;79
1944;36;25;13;10;14;42;12;152
1945;47;23;10;13;13;33;20;159
1946;8;2;3;;3;4;3;23
1947;8;4;;3;1;6;5;27
1948;6;6;3;1;2;;3;21
1949;20;7;6;4;8;9;7;61
1950;27;12;9;5;13;13;9;88
1951;16;4;6;6;3;9;14;58
1952;7;2;;;;2;1;12
1953;3;2;;;2;;;7
1954;;;;;;;;
1955;19;10;4;;9;11;6;59
1956;29;12;7;5;10;6;23;92
1957;2;1;2;1;1;;2;9
1958;2;3;3;1;1;2;;12
1959;9;7;4;3;8;2;8;41
1960;1;;1;;;2;;4
1961;;;;;3;;;3
1962;8;5;2;3;2;7;10;37
1963;;;;;;;;
1964;5;3;2;3;4;4;4;25
1965;6;1;1;;2;;5;15
1966;4;;;;1;4;2;11
1967;3;;3;;1;3;5;15
1968;13;8;2;6;7;8;2;46
1969;12;11;1;3;8;3;10;48
1970;11;6;3;1;1;3;3;28
1971;8;7;2;1;1;3;1;23
1972;12;4;1;3;4;13;7;44
1973;57;26;4;11;10;22;16;146
1974;36;16;9;4;10;13;23;111
1975;44;21;12;15;18;35;18;163
1976;2;1;1;;;2;;6
1977;15;5;2;;3;6;3;34
1978;33;14;3;2;5;14;15;86
1979;44;24;10;8;7;21;27;141
1980;41;9;16;12;18;22;23;141
1981;;;;;;;;
1982;38;24;11;6;10;29;30;148
1983;13;1;3;7;6;9;7;46
1984;25;7;7;6;3;13;17;78
1985;32;19;11;9;18;22;14;125
1986;34;10;3;6;13;29;16;111
1987;1;;;;;;;1
1988;28;18;8;9;5;14;13;95
1989;;;;1;2;;2;5
1990;4;7;2;2;5;6;2;28
1991;16;6;3;1;3;6;5;40
1992;49;20;11;10;17;25;26;158
1993;14;5;1;1;6;5;8;40
1994;18;8;5;5;2;16;11;65
1995;11;6;3;5;6;9;8;48
1996;4;1;4;2;2;2;2;17
1997;3;1;2;;;1;4;11
1998;1;1;;;1;;;3
1999;1;1;;1;;;;3
2000;12;13;8;10;6;18;14;81
2001;5;3;1;;;3;5;17
2002;25;21;5;8;11;8;4;82
2003;2;;;;3;;;5
2004;102;28;16;7;10;41;15;219
2005;11;1;1;3;;6;;22
2006;60;33;12;11;17;24;18;175
2007;55;25;7;10;14;13;19;143
2008;76;27;5;6;10;16;6;146
2009;92;27;4;6;12;17;20;178
2010;56;23;6;6;13;15;7;126
2011;66;9;1;4;4;12;7;103
2012;51;21;1;1;7;33;19;133
2013;58;23;4;12;17;29;21;164
2014;78;36;4;7;11;7;11;154
2015;54;22;4;9;13;19;15;136
2016;40;18;4;5;8;13;7;95
2017;;;;;;;;
2018;182;65;18;13;24;97;39;438
2019;;;;;;1;;1
2020;57;19;8;8;14;46;43;195
2021;19;5;1;1;2;8;17;53
2022;36;11;1;4;2;12;15;81
2023;13;3;;1;;8;2;27
2024;7;;;;;3;2;12
2025;72;19;8;10;13;54;26;202
2026;13;1;2;1;;4;4;25
2027;39;12;3;5;4;24;21;108
2028;71;15;6;10;9;28;22;161
2029;;;;;;;;
2030;65;14;3;7;8;20;15;132
2031;65;17;9;5;5;27;30;158
2032;7;4;1;2;2;6;3;25
2033;77;20;8;7;11;27;25;175
2034;35;27;3;4;8;12;8;97
2035;49;15;4;8;7;14;10;107
2036;12;4;1;1;1;7;9;35
2037;57;18;7;14;3;15;15;129
2038;61;27;7;3;6;11;5;120
2039;45;12;7;5;8;12;7;96
2040;101;28;10;6;10;36;23;214
2041;43;7;3;3;3;13;13;85
2042;;;;;;;;
2043;40;4;3;3;2;7;7;66
2044;34;4;;1;;4;;43
2045;17;6;3;;2;7;2;37
2046;;;;;;;;
2047;89;15;1;3;4;21;15;148
2048;23;6;1;2;3;7;12;54
2049;15;6;3;1;1;4;3;33
2050;55;3;1;2;5;15;18;99
2051;4;17;5;2;;;1;29
2052;;;;;;;;
2053;1;1;;;;;1;3
2054;52;9;8;4;7;15;24;119
2055;12;2;1;1;1;6;7;30
2056;26;5;1;1;1;5;6;45
2057;24;2;;2;;12;6;46
2058;23;7;3;2;8;15;10;68
2059;37;6;2;2;3;25;23;98
2060;10;1;1;3;;4;6;25
2061;6;3;2;1;2;3;3;20
2062;16;2;;1;2;8;2;31
2063;56;13;3;5;4;33;17;131
2064;48;14;1;3;7;16;12;101
2065;24;8;2;1;1;7;7;50
2066;33;5;2;2;;12;11;65
2067;38;6;2;2;5;17;13;83
2068;60;14;3;6;2;20;23;128
2069;33;12;2;4;3;23;15;92
2070;101;24;7;4;5;54;41;236
2071;50;17;6;5;4;13;11;106
2072;;;;;;;;
2073;34;6;3;1;4;14;16;78
2074;23;4;;1;2;8;3;41
2075;21;3;1;1;3;10;7;46
2076;;;;;;;;
2077;11;;;1;;6;5;23
2078;89;22;6;7;12;38;28;202
2079;61;15;2;4;2;16;25;125
2080;68;10;9;4;8;24;49;172
2081;28;15;5;3;9;25;21;106
2082;27;5;3;2;;4;5;46
2083;12;4;;1;;3;3;23
2084;38;6;3;;3;10;14;74
2085;38;13;8;3;2;11;25;100
2086;81;26;6;11;8;33;28;193
2087;89;19;11;6;17;37;30;209
2088;3;2;;;;;;5
2089;2;;;;1;;4;7
2090;31;5;2;;4;8;8;58
2091;21;6;;;1;13;9;50
2092;56;22;3;3;5;19;19;127
2093;37;14;2;4;5;9;7;78
2094;11;2;;;;2;4;19
2095;32;11;2;5;4;16;19;89
2096;23;12;2;1;6;21;22;87
2097;11;1;1;1;3;9;5;31
2098;40;8;2;2;5;11;17;85
2099;64;18;8;3;3;10;21;127
2100;9;3;1;;2;2;;17
2101;36;14;7;1;6;16;17;97
2102;28;6;4;1;4;9;7;59
2103;24;8;2;2;2;18;9;65
2104;46;6;2;4;6;21;14;99
2105;26;4;2;1;1;8;11;53
2106;22;3;3;1;4;8;6;47
2107;14;3;;3;2;4;4;30
2108;9;1;;;2;1;1;14
2109;10;2;;;;3;2;17
2110;20;2;1;1;1;13;7;45
2111;14;;;1;;2;9;26
2112;6;3;;;1;1;2;13
2113;23;3;;1;;8;7;42
2114;55;10;2;4;5;17;16;109
2115;3;3;1;;;1;;8
2116;25;8;4;3;6;8;23;77
2117;17;5;;2;1;3;8;36
2118;50;10;5;1;7;20;16;109
2119;51;13;5;7;17;14;19;126
2120;70;28;6;5;9;24;30;172
2121;78;21;3;1;11;29;30;173
2122;77;24;4;4;10;23;7;149
2123;15;11;3;2;6;6;8;51
2124;56;11;8;3;9;16;18;121
2125;;;;;;;;
2126;105;33;12;7;25;28;21;231
2127;37;10;3;3;4;14;4;75
2128;104;35;12;4;9;30;20;214
2129;52;18;;1;7;17;2;97
2130;22;6;;2;7;7;5;49
2131;52;6;8;3;3;16;2;90
2132;64;19;5;2;5;10;5;110
2133;;;;;;1;4;5
2134;76;28;8;11;17;20;20;180
2135;2;;;;;1;;3
2136;39;17;9;2;6;8;1;82
2137;;;;;;;;
2138;41;12;8;3;2;10;8;84
2139;1;;;;;2;;3
2140;3;1;;;;5;1;10
2141;;;;;;;;
2142;72;28;6;6;15;87;30;244
2143;112;35;10;7;12;57;34;267
2144;65;18;9;2;3;22;11;130
2145;103;30;5;6;15;48;28;235
2146;;;;;;;;
2147;60;30;6;4;14;19;20;153
2148;77;15;4;5;2;18;18;139
2149;131;31;7;6;19;19;20;233
2150;22;4;;;1;4;4;35
2151;32;4;2;1;1;7;6;53
2152;17;2;1;2;;4;1;27
2153;16;4;;1;1;6;4;32
2154;43;7;2;;1;8;6;67
2155;100;30;11;6;9;24;11;191
2156;;;;;;;;
2157;34;9;4;;6;5;;58
2158;6;;;;;;;6
2159;3;2;;;;;3;8
2160;;;1;1;;;3;5
2161;5;1;2;;;;4;12
2162;;1;;1;;3;1;6
2163;1;;1;;;;2;4
2164;20;7;4;3;1;;1;36
2165;5;7;3;2;;2;2;21
2166;3;1;2;1;3;2;6;18
2167;3;6;1;2;1;2;;15
2168;11;4;4;3;2;1;5;30
2169;;;;;;;;
2170;19;16;4;5;7;4;7;62
2171;30;9;3;5;6;5;8;66
2172;61;26;7;5;13;17;22;151
2173;1;;;;;;;1
2174;12;1;1;4;3;;1;22
2175;9;3;1;;3;5;7;28
2176;10;1;;1;1;2;;15
2177;5;3;2;2;3;3;3;21
2178;3;1;1;;;2;1;8
2179;7;;;;2;7;1;17
2180;;;;;;;;
2181;17;6;1;;;9;2;35
2182;11;8;5;2;2;3;5;36
2183;16;8;;;2;5;7;38
2184;7;;2;;;2;2;13
2185;2;3;;2;;;1;8
2186;7;3;1;2;;1;6;20
2187;3;2;;;;1;6;12
2188;4;;2;;1;;1;8
2189;13;3;;1;2;3;2;24
2190;;1;;;;;;1
2191;4;;;;;;;4
2192;16;5;2;;5;5;6;39
2193;16;4;1;;1;2;1;25
2194;20;8;1;1;1;9;5;45
2195;12;4;;1;1;7;11;36
2196;7;;;1;;1;3;12
2197;21;13;;5;1;4;7;51
2198;4;1;;;;;2;7
2199;18;7;2;2;5;4;5;43
2200;13;4;1;;;5;2;25
2201;10;3;1;3;1;5;4;27
2202;9;;3;2;1;;2;17
2203;41;8;4;2;1;12;10;78
2204;5;1;1;;;2;2;11
2205;53;14;5;7;17;31;45;172
2206;25;8;;;8;11;9;61
2207;41;28;5;9;9;19;18;129
2208;29;2;1;1;7;7;20;67
2209;36;11;;5;3;31;13;99
2210;46;11;4;6;7;18;18;110
2211;36;15;3;6;6;14;15;95
2212;26;7;5;3;9;9;13;72
2213;16;2;4;1;7;10;11;51
2214;8;4;1;1;1;3;5;23
2215;6;3;;1;;1;;11
2216;75;33;9;7;19;43;23;209
2217;;;;;;;;
2218;21;5;2;21;4;9;6;68
2219;50;17;3;3;3;16;17;109
2220;26;3;2;4;4;12;6;57
2221;40;16;7;2;7;9;15;96
2222;64;21;9;6;10;30;14;154
2223;37;6;2;2;6;6;7;66
2224;27;10;2;5;4;14;15;77
2225;1;;;;;;;1
2226;;;;;;;;
2227;;;;;;;;
2228;32;6;5;7;4;18;7;79
2229;33;12;4;;4;10;8;71
2230;25;6;5;2;3;4;11;56
2231;;;;;;;;
2232;43;8;11;3;7;23;9;104
2233;10;4;2;;1;2;2;21
2234;18;4;7;2;5;4;5;45
2235;27;6;1;4;3;11;21;73
2236;17;4;1;;4;1;11;38
2237;18;2;1;1;;3;;25
2238;32;8;1;2;2;7;12;64
2239;21;5;2;;4;4;11;47
2240;2;2;;;;;3;7
2241;;;;;;;;
2242;12;3;;;5;1;2;23
2243;44;10;3;3;6;6;12;84
2244;15;;;;1;3;2;21
2245;19;4;4;;4;8;7;46
2246;29;5;7;3;4;9;8;65
2247;9;1;;1;;3;3;17
2248;2;;1;;;2;;5
2249;14;2;;;;2;5;23
2250;12;;;;1;1;;14
2251;12;2;;;1;;1;16
2252;46;7;4;6;12;19;8;102
2253;45;18;6;6;9;29;13;126
2254;47;29;10;3;10;12;5;116
2255;;;;;;;;
2256;24;7;1;2;5;16;9;64
2257;80;22;6;7;14;23;29;181
2258;8;5;1;;4;9;6;33
2259;34;21;2;2;7;12;2;80
2260;;;;;;;;
2261;23;8;2;2;6;7;3;51
2262;46;12;4;5;7;15;15;104
2263;75;21;15;8;12;28;17;176
2264;60;18;5;6;11;13;14;127
2265;40;11;5;4;5;6;6;77
2266;57;10;2;5;8;28;16;126
2267;32;5;1;1;1;4;10;54
2268;26;2;1;1;2;2;9;43
2269;23;8;2;1;5;9;7;55
2270;5;2;;1;2;1;1;12
2271;33;6;6;3;2;14;4;68
2272;64;7;2;2;9;15;18;117
2273;32;4;2;1;1;6;3;49
2274;12;1;1;1;1;7;5;28
2275;60;16;4;1;5;13;13;112
2276;47;10;;4;5;20;11;97
2277;26;12;;3;4;11;6;62
2278;;;;;;;;
2279;;;;;;;;
2280;57;15;1;4;6;28;26;137
2281;;;;;;;;
2282;34;7;;1;5;7;11;65
2283;9;1;;;1;5;;16
2284;29;5;;2;2;5;8;51
2285;32;6;1;1;3;16;5;64
2286;72;32;8;7;5;22;4;150
2287;13;1;1;1;;1;;17
2288;2;;;;;;;2
2289;10;1;1;;;;;12
2290;3;;;;;;3;6
2291;3;1;;1;1;;1;7
2292;51;11;4;8;3;6;18;101
2293;6;1;;2;1;;1;11
2294;3;3;;;;;1;7
2295;29;6;3;5;2;10;9;64
2296;15;3;3;;1;1;1;24
2297;14;2;;;5;2;1;24
2298;16;3;3;;2;8;3;35
2299;30;11;4;4;8;5;6;68
2300;12;7;4;2;3;6;10;44
2301;7;3;;;1;;;11
2302;5;1;;;;3;1;10
2303;11;1;1;2;2;2;7;26
2304;6;;;;;;;6
2305;12;5;1;3;;;5;26
2306;8;3;;;2;1;1;15
2307;13;5;1;;;7;7;33
2308;1;;;;;;;1
2309;3;;;;;1;;4
2310;3;1;;1;1;;1;7
2311;8;4;1;;2;2;2;19
2312;26;5;3;;;9;5;48
2313;32;9;4;1;3;15;18;82
2314;21;5;;2;2;7;;37
2315;14;6;1;2;2;8;2;35
2316;24;4;;2;1;6;9;46
2317;;2;;;;;1;3
2318;34;12;2;1;4;1;6;60
2319;16;1;3;;4;6;4;34
2320;70;14;13;4;3;11;13;128
2321;;;;;;;;
2322;19;2;1;2;;3;4;31
8888;;5;1;;1;2;5;14
Totale;52.584;18.092;6.708;5.855;8.915;23.876;20.789;136.819
;;;;;;;;
(a) Nella popolazione immigrata  sono incluse anche le persone precedentemente residenti, emigrate poi immigrate.  Per residenti dalla nascita si intendono le persone nate residenti e mai emigrate.;;;;;;;;
;;;;;;;;
(b) Dal 31/12/2005 la tavola fa riferimento alle sezioni di censimento 2001, si sottolinea che si tratta di aree cartografiche diverse dalle sezioni di censimento 1991. Per individuare correttamente le aree di interesse  necessario consultare diverse dalle sezioni di censimento 1991. Per individuare correttamente le aree di interesse  necessario consultare il sito alla voce -Individua le sezioni sulle mappe o sullo stradario.;;;;;;;;