Sezioni 2001;1;2;3;4;5;6 e oltre;Totale;
0001;9;7;12;6;5;7;46;
0002;1;1;1;1;;;4;
0003;;;;;;;;
0004;14;6;8;7;1;1;37;
0005;;;3;1;;;4;
0006;12;6;4;1;;;23;
0007;2;4;3;;;;9;
0008;5;2;3;1;;;11;
0009;1;;;1;;;2;
0010;13;8;6;2;1;1;31;
0011;3;;1;2;;;6;
0012;77;44;26;12;1;;160;
0013;43;15;10;4;;2;74;
0014;4;2;2;1;;;9;
0015;14;3;1;;;;18;
0016;2;;1;3;;;6;
0017;6;7;5;2;2;;22;
0018;;3;1;;;;4;
0019;4;4;3;3;;;14;
0020;;1;1;1;;;3;
0021;7;4;4;;1;;16;
0022;;;1;;;;1;
0023;;;1;;;;1;
0024;1;4;3;2;;;10;
0025;9;3;3;1;;;16;
0026;3;;1;2;;;6;
0027;9;8;4;2;;1;24;
0028;1;1;;;;;2;
0029;;;;;;;;
0030;2;3;;;;;5;
0031;14;7;5;1;;;27;
0032;;;;;;;;
0033;4;3;3;;;;10;
0034;3;1;;;;;4;
0035;;;;;;;;
0036;3;;;;;;3;
0037;;;1;;;;1;
0038;3;1;1;;;;5;
0039;31;17;8;8;1;;65;
0040;;;;;;;;
0041;8;5;4;4;1;;22;
0042;14;8;5;3;1;1;32;
0043;9;8;3;2;2;;24;
0044;;;;;;;;
0045;1;1;;1;;;3;
0046;;;;;;;;
0047;1;2;3;1;;;7;
0048;;;;;;;;
0049;1;1;;;;;2;
0050;18;5;2;1;;;26;
0051;;;;;;;;
0052;12;5;4;;;;21;
0053;18;6;3;2;;;29;
0054;6;3;6;3;;;18;
0055;1;1;;;;;2;
0056;;;;;;;;
0057;;;;;;;;
0058;21;13;8;5;2;;49;
0059;19;19;3;5;;;46;
0060;142;90;43;22;3;1;301;
0061;4;;1;;;;5;
0062;114;83;61;25;4;1;288;
0063;32;15;8;3;1;;59;
0064;29;30;15;7;1;;82;
0065;43;17;14;6;1;3;84;
0066;2;1;;;;;3;
0067;18;14;6;6;1;;45;
0068;;;;;;1;1;
0069;126;79;32;28;7;3;275;
0070;63;43;27;13;6;2;154;
0071;21;15;9;9;6;;60;
0072;2;;;;;;2;
0073;9;6;3;2;;;20;
0074;10;8;3;;1;;22;
0075;;;;;;;;
0076;40;24;15;4;1;;84;
0077;79;50;27;18;3;2;179;
0078;49;46;17;10;1;;123;
0079;114;120;53;27;;3;317;
0080;;;;;;;;
0081;97;80;26;8;;;211;
0082;50;67;21;11;1;;150;
0083;;;;;;;;
0084;;;;;;;;
0085;;;;;;;;
0086;;;;;;;;
0087;17;3;2;3;;1;26;
0088;33;26;10;8;1;;78;
0089;13;10;9;1;;;33;
0090;49;25;22;11;4;1;112;
0091;27;13;8;1;1;;50;
0092;13;3;2;3;;;21;
0093;31;18;5;6;1;;61;
0094;17;14;8;4;2;;45;
0095;32;18;10;5;1;;66;
0096;39;22;9;3;;;73;
0097;98;44;34;19;4;2;201;
0098;49;63;23;12;6;;153;
0099;26;20;10;4;4;;64;
0100;48;20;12;5;2;;87;
0101;121;76;32;19;4;2;254;
0102;3;3;;3;1;;10;
0103;56;50;24;7;3;;140;
0104;42;36;22;15;;1;116;
0105;34;23;22;6;2;;87;
0106;5;2;1;;;;8;
0107;118;63;36;16;3;;236;
0108;49;19;8;4;;;80;
0109;76;57;26;11;6;1;177;
0110;30;27;8;5;;1;71;
0111;12;19;10;4;;1;46;
0112;36;32;11;2;1;;82;
0113;119;61;27;16;1;;224;
0114;19;14;16;4;;;53;
0115;43;20;6;4;1;;74;
0116;42;37;11;8;;1;99;
0117;92;60;27;14;1;1;195;
0118;19;16;13;7;;2;57;
0119;1;1;;;;;2;
0120;72;40;25;13;2;;152;
0121;;1;;;;;1;
0122;17;;4;;;;21;
0123;;;;;;;;
0124;79;42;22;11;3;;157;
0125;1;;;;;;1;
0126;;;;;;;;
0127;137;32;24;12;;1;206;
0128;2;2;1;1;;;6;
0129;;1;;;;;1;
0130;4;6;4;6;5;8;33;
0131;6;;;;;;6;
0132;58;11;5;9;1;2;86;
0133;;;;;;;;
0134;9;9;11;;1;;30;
0135;11;12;6;4;;;33;
0136;;;;;;;;
0137;9;6;7;2;;;24;
0138;4;1;2;1;;;8;
0139;12;2;2;2;1;;19;
0140;138;76;39;23;7;2;285;
0141;;1;;;;;1;
0142;132;104;45;25;4;2;312;
0143;24;11;4;7;2;1;49;
0144;5;1;1;;;;7;
0145;119;75;50;28;6;1;279;
0146;121;66;34;14;4;1;240;
0147;62;64;17;13;1;1;158;
0148;54;45;18;11;;;128;
0149;90;66;27;8;2;1;194;
0150;65;59;37;12;1;2;176;
0151;36;21;6;5;;;68;
0152;8;5;10;2;;;25;
0153;154;104;41;20;;2;321;
0154;111;76;49;24;4;3;267;
0155;79;64;42;12;2;;199;
0156;;;;;;;;
0157;;;;;;;;
0158;1;3;3;3;;;10;
0159;1;1;1;;;1;4;
0160;5;3;;2;1;;11;
0161;3;12;4;5;;;24;
0162;;;;;1;;1;
0163;7;5;4;1;;;17;
0164;6;7;2;4;;;19;
0165;3;4;1;3;1;;12;
0166;;;;;;;;
0167;;;;;;;;
0168;61;65;30;12;4;4;176;
0169;124;104;50;22;4;1;305;
0170;2;2;3;;;;7;
0171;106;104;87;30;8;1;336;
0172;3;;3;3;1;;10;
0173;64;77;37;20;8;;206;
0174;120;84;62;33;15;4;318;
0175;1;1;1;;;;3;
0176;65;102;42;18;;;227;
0177;58;57;34;15;7;1;172;
0178;16;18;5;7;;;46;
0179;;;;;;;;
0180;32;33;26;6;3;;100;
0181;;;;;;;;
0182;74;91;51;19;16;4;255;
0183;24;15;17;6;;;62;
0184;;1;1;;;;2;
0185;4;3;2;;;;9;
0186;12;7;9;8;1;;37;
0187;2;;;1;;;3;
0188;3;2;;;;;5;
0189;3;;;1;;;4;
0190;1;;;;;;1;
0191;3;3;2;1;1;;10;
0192;1;2;1;1;;;5;
0193;1;;1;1;;1;4;
0194;1;2;3;;2;;8;
0195;2;1;;1;;;4;
0196;31;27;16;6;3;;83;
0197;19;8;8;;;;35;
0198;22;14;5;;;1;42;
0199;9;6;6;5;2;;28;
0200;;;;;;;;
0201;;;1;;;;1;
0202;;2;2;1;;;5;
0203;24;10;6;1;3;;44;
0204;;1;;;;;1;
0205;46;39;33;17;2;;137;
0206;32;33;17;8;2;;92;
0207;;;;;;;;
0208;;;;;;;;
0209;;;;;;;;
0210;;;;;;;;
0211;98;71;27;10;2;;208;
0212;84;53;19;8;4;;168;
0213;22;29;7;6;1;;65;
0214;40;21;14;11;;1;87;
0215;30;14;10;2;;;56;
0216;68;39;17;11;1;1;137;
0217;;;;;;;;
0218;;;;;;;;
0219;25;5;2;;;;32;
0220;2;2;1;;;;5;
0221;9;1;1;5;;;16;
0222;10;;;;;;10;
0223;;;;;;;;
0224;;;;;;;;
0225;1;1;3;1;;;6;
0226;9;5;1;;;1;16;
0227;;;;;;;;
0228;7;3;3;1;1;3;18;
0229;95;60;34;14;3;;206;
0230;94;69;45;24;4;1;237;
0231;32;13;12;6;;;63;
0232;31;22;4;3;;1;61;
0233;54;27;14;6;2;;103;
0234;72;30;16;12;;;130;
0235;36;14;6;5;1;1;63;
0236;15;17;5;4;;;41;
0237;42;19;11;2;1;;75;
0238;73;30;21;5;1;1;131;
0239;98;43;18;3;3;;165;
0240;42;20;8;5;1;;76;
0241;127;48;14;9;4;;202;
0242;181;51;25;11;4;3;275;
0243;194;39;18;6;1;2;260;
0244;16;5;3;2;1;;27;
0245;;;;1;;;1;
0246;22;7;8;2;;;39;
0247;94;54;28;13;3;;192;
0248;69;31;22;8;1;1;132;
0249;57;58;28;18;2;;163;
0250;24;10;7;2;1;;44;
0251;132;64;28;16;4;2;246;
0252;34;30;13;4;1;;82;
0253;;;;;;;;
0254;110;53;22;19;4;1;209;
0255;95;26;28;8;4;;161;
0256;159;50;32;23;8;;272;
0257;122;50;22;19;;3;216;
0258;111;55;25;17;2;;210;
0259;18;13;7;2;1;;41;
0260;61;30;18;7;2;;118;
0261;125;54;32;10;4;;225;
0262;123;63;28;15;4;;233;
0263;159;77;27;11;1;;275;
0264;57;22;14;8;2;1;104;
0265;99;51;25;13;2;;190;
0266;74;34;17;8;2;2;137;
0267;39;20;4;5;;;68;
0268;73;46;15;12;1;;147;
0269;176;61;27;19;4;2;289;
0270;178;64;24;21;2;3;292;
0271;50;18;7;5;1;;81;
0272;39;28;11;11;4;1;94;
0273;24;19;16;12;10;;81;
0274;39;17;13;7;1;;77;
0275;32;11;10;8;;1;62;
0276;66;22;17;6;3;;114;
0277;98;49;33;22;5;8;215;
0278;19;10;4;3;1;;37;
0279;58;26;9;5;2;1;101;
0280;43;13;7;6;;;69;
0281;120;52;24;19;4;;219;
0282;87;64;21;14;9;7;202;
0283;122;57;35;21;8;4;247;
0284;51;28;12;3;1;2;97;
0285;56;21;8;6;8;3;102;
0286;28;5;4;2;1;;40;
0287;95;51;26;10;3;3;188;
0288;86;55;12;17;1;1;172;
0289;62;22;11;6;;;101;
0290;150;67;30;10;2;2;261;
0291;66;27;4;3;;;100;
0292;3;;;;;1;4;
0293;68;16;9;5;1;;99;
0294;18;4;4;3;1;;30;
0295;;;;;;;;
0296;140;42;24;11;3;2;222;
0297;;;;;;;;
0298;8;4;4;3;1;;20;
0299;;;;;;;;
0300;49;31;16;6;2;1;105;
0301;65;42;28;3;2;2;142;
0302;13;2;1;4;2;;22;
0303;126;67;28;26;4;1;252;
0304;29;20;18;10;1;;78;
0305;44;15;6;4;;;69;
0306;123;64;24;15;5;1;232;
0307;96;36;35;25;3;;195;
0308;109;65;44;19;4;2;243;
0309;121;47;22;19;1;2;212;
0310;1;1;;1;;;3;
0311;102;58;30;17;2;;209;
0312;51;39;12;6;3;3;114;
0313;79;42;23;12;1;;157;
0314;6;8;;1;;;15;
0315;59;33;21;6;;;119;
0316;102;67;26;15;2;1;213;
0317;87;51;28;14;4;;184;
0318;74;35;30;15;7;;161;
0319;104;30;18;5;;1;158;
0320;;;;;;;;
0321;;;;;;;;
0322;105;47;20;5;5;;182;
0323;281;93;51;32;4;;461;
0324;170;49;32;9;1;2;263;
0325;212;74;41;14;4;5;350;
0326;128;53;31;8;1;;221;
0327;61;30;16;10;2;;119;
0328;46;25;14;5;2;;92;
0329;20;11;3;4;;;38;
0330;30;14;8;7;1;;60;
0331;41;15;17;4;1;3;81;
0332;100;40;23;15;1;;179;
0333;149;87;40;22;2;4;304;
0334;66;29;7;6;2;;110;
0335;135;45;31;17;4;3;235;
0336;80;32;18;16;4;3;153;
0337;106;24;14;11;1;;156;
0338;67;20;12;3;3;2;107;
0339;;;;;;;;
0340;84;35;19;11;2;;151;
0341;54;18;14;9;3;1;99;
0342;57;16;16;5;3;;97;
0343;;;;;;;;
0344;11;;3;;;1;15;
0345;22;7;4;4;1;;38;
0346;;;;;;;;
0347;58;19;12;7;;;96;
0348;78;37;18;10;2;1;146;
0349;70;18;15;5;;;108;
0350;39;17;6;6;1;;69;
0351;75;30;25;7;1;;138;
0352;91;28;28;12;3;;162;
0353;58;24;9;3;;;94;
0354;37;15;8;6;2;;68;
0355;29;13;4;5;;;51;
0356;145;73;33;12;1;;264;
0357;76;26;21;10;;4;137;
0358;110;43;24;7;1;2;187;
0359;110;47;16;6;3;;182;
0360;99;39;20;11;1;;170;
0361;24;26;15;14;6;3;88;
0362;63;22;18;4;2;1;110;
0363;4;5;2;2;;;13;
0364;;;;;;;;
0365;;;1;;;;1;
0366;8;4;3;;;1;16;
0367;11;1;;;2;;14;
0368;;1;;;;;1;
0369;3;2;1;2;;;8;
0370;3;7;2;2;;;14;
0371;14;6;4;3;1;;28;
0372;;;;;;;;
0373;;;;;;;;
0374;;;;;;;;
0375;11;2;7;1;;;21;
0376;71;43;30;12;1;1;158;
0377;15;15;4;5;;2;41;
0378;51;33;17;10;1;1;113;
0379;42;21;5;1;;;69;
0380;15;11;9;2;;;37;
0381;7;8;5;;;;20;
0382;71;34;24;17;2;1;149;
0383;31;47;14;9;3;;104;
0384;39;39;24;11;7;;120;
0385;6;10;2;;;;18;
0386;9;5;5;1;1;;21;
0387;10;9;2;4;;1;26;
0388;13;3;;2;;;18;
0389;5;2;1;3;;;11;
0390;14;10;7;4;;;35;
0391;6;6;1;;;;13;
0392;37;21;15;6;1;1;81;
0393;;;;;;;;
0394;23;26;11;6;1;1;68;
0395;48;22;21;3;;;94;
0396;74;20;17;10;3;1;125;
0397;70;31;27;11;4;1;144;
0398;105;102;40;20;1;3;271;
0399;131;78;33;16;4;;262;
0400;118;63;23;16;3;;223;
0401;13;11;9;3;1;;37;
0402;54;51;18;7;;;130;
0403;34;42;19;9;2;;106;
0404;79;103;48;33;10;5;278;
0405;85;94;33;18;3;2;235;
0406;28;20;8;;1;;57;
0407;59;84;37;13;2;1;196;
0408;;;;;;;;
0409;34;40;19;5;;1;99;
0410;31;16;13;9;1;;70;
0411;37;29;12;3;;;81;
0412;80;47;24;17;2;;170;
0413;90;70;32;26;2;;220;
0414;10;17;6;2;1;;36;
0415;102;66;34;16;1;1;220;
0416;38;25;18;6;;;87;
0417;78;81;31;18;2;;210;
0418;;;;;;;;
0419;26;5;4;3;2;1;41;
0420;;;;1;;;1;
0421;26;3;8;;1;;38;
0422;2;3;;;;1;6;
0423;7;2;3;4;1;;17;
0424;;1;1;1;;;3;
0425;49;13;13;7;3;;85;
0426;16;3;1;;;;20;
0427;;;;;;;;
0428;29;16;8;5;2;;60;
0429;2;1;4;;;;7;
0430;10;;;;;;10;
0431;41;16;12;5;;;74;
0432;3;6;3;5;1;1;19;
0433;1;1;;;;;2;
0434;12;6;1;1;;;20;
0435;78;42;13;9;;1;143;
0436;;;;;;;;
0437;;;;;;;;
0438;5;2;;1;1;2;11;
0439;84;70;39;16;2;1;212;
0440;;;;;;;;
0441;7;4;2;2;;;15;
0442;93;62;47;24;6;;232;
0443;;;1;;;;1;
0444;60;44;25;10;3;1;143;
0445;1;1;2;1;1;;6;
0446;8;4;4;1;;;17;
0447;26;43;13;2;;;84;
0448;24;18;12;2;2;1;59;
0449;8;;1;2;;;11;
0450;4;1;2;1;;;8;
0451;4;3;4;;;;11;
0452;153;112;96;50;10;2;423;
0453;;3;;;;;3;
0454;10;2;3;1;;;16;
0455;;;;1;;;1;
0456;4;3;;;;;7;
0457;18;17;7;2;;;44;
0458;18;3;6;1;1;;29;
0459;;1;;;;;1;
0460;19;8;2;2;;;31;
0461;;;;;;;;
0462;;;;1;;;1;
0463;164;129;95;58;8;2;456;
0464;17;28;21;9;2;1;78;
0465;32;27;13;5;2;;79;
0466;56;45;17;6;2;;126;
0467;60;28;13;7;1;1;110;
0468;68;43;26;11;2;3;153;
0469;85;37;24;8;2;2;158;
0470;10;9;3;;;;22;
0471;7;9;;1;1;1;19;
0472;80;43;14;14;4;;155;
0473;9;17;15;7;;;48;
0474;62;47;18;13;9;2;151;
0475;;1;;;;;1;
0476;;;;;;;;
0477;12;8;10;1;;;31;
0478;18;11;5;;1;;35;
0479;;;;;;;;
0480;37;14;4;4;3;;62;
0481;42;47;44;36;;2;171;
0482;5;5;8;2;;;20;
0483;3;6;6;3;2;;20;
0484;1;7;7;1;;;16;
0485;83;68;54;30;5;1;241;
0486;33;45;26;14;1;1;120;
0487;;;;;;;;
0488;;;;;;;;
0489;3;3;;1;;;7;
0490;;1;;;;;1;
0491;1;6;4;1;;;12;
0492;;;;;;;;
0493;13;5;5;1;1;;25;
0494;6;;2;1;;;9;
0495;6;7;5;1;;;19;
0496;8;2;5;4;1;1;21;
0497;9;4;1;;;;14;
0498;;;1;;;;1;
0499;5;3;2;1;;1;12;
0500;10;12;7;3;2;;34;
0501;67;34;17;14;3;1;136;
0502;17;8;2;2;;;29;
0503;156;156;119;67;6;7;511;
0504;4;3;1;2;1;;11;
0505;1;;;;;;1;
0506;2;1;;;;;3;
0507;;;;;;;;
0508;2;2;;;;;4;
0509;3;4;1;1;;1;10;
0510;;;;;;;;
0511;;;;;;;;
0512;1;1;2;;;;4;
0513;;;;;;;;
0514;1;2;2;1;;;6;
0515;;;;;;1;1;
0516;1;1;1;;;;3;
0517;12;8;7;1;;;28;
0518;2;1;2;;;;5;
0519;;1;;;;;1;
0520;;;2;;;;2;
0521;;1;2;1;;;4;
0522;3;4;1;1;;;9;
0523;6;2;1;;1;;10;
0524;1;1;1;1;;;4;
0525;6;3;;;;;9;
0526;6;2;3;;1;;12;
0527;1;1;;;;;2;
0528;;2;4;1;;;7;
0529;;;;;;;;
0530;3;2;1;;;1;7;
0531;;;;;;;;
0532;;;;;;;;
0533;;;;;;;;
0534;;1;2;1;;;4;
0535;;;;;;;;
0536;118;94;64;31;26;11;344;
0537;;;;;;;;
0538;4;4;;;;1;9;
0539;47;54;38;14;4;2;159;
0540;;1;;1;;;2;
0541;6;2;3;;;;11;
0542;9;7;4;;;;20;
0543;92;60;28;16;1;3;200;
0544;18;4;6;1;;;29;
0545;88;127;58;24;3;;300;
0546;42;19;4;5;2;;72;
0547;90;56;31;13;4;2;196;
0548;9;6;2;1;;;18;
0549;;;;;;;;
0550;93;41;23;13;;;170;
0551;44;26;22;7;2;;101;
0552;123;85;24;15;4;3;254;
0553;67;70;55;23;5;2;222;
0554;58;60;39;21;4;1;183;
0555;2;;1;;1;;4;
0556;5;3;;;;;8;
0557;;;;;;;;
0558;25;13;6;2;;;46;
0559;18;12;5;8;1;;44;
0560;1;;1;1;;;3;
0561;13;3;4;;;;20;
0562;141;65;45;10;3;4;268;
0563;40;47;21;8;4;4;124;
0564;9;9;1;1;;1;21;
0565;;1;;1;;;2;
0566;5;4;;1;;;10;
0567;2;;1;1;;;4;
0568;;;;;;;;
0569;34;16;8;2;1;;61;
0570;55;27;14;2;8;;106;
0571;85;44;30;24;6;3;192;
0572;57;77;24;12;4;;174;
0573;115;46;30;14;8;3;216;
0574;87;49;19;13;2;2;172;
0575;124;124;51;28;4;3;334;
0576;55;81;32;25;;;193;
0577;71;73;33;10;5;2;194;
0578;3;1;;;1;;5;
0579;29;9;5;;;;43;
0580;10;3;3;2;;;18;
0581;;1;1;1;1;;4;
0582;;;;;;;;
0583;3;1;1;;;;5;
0584;4;4;;3;;;11;
0585;29;5;5;3;;;42;
0586;3;;3;4;3;3;16;
0587;12;2;2;2;;;18;
0588;44;14;9;7;1;;75;
0589;128;80;45;20;10;2;285;
0590;7;;;;;;7;
0591;40;19;11;7;;;77;
0592;144;53;36;15;2;;250;
0593;;;;;;;;
0594;72;51;27;13;4;1;168;
0595;94;103;46;19;2;1;265;
0596;59;26;16;8;2;;111;
0597;6;7;3;1;;;17;
0598;121;53;41;30;3;;248;
0599;;;;;;;;
0600;5;5;1;1;;;12;
0601;;;;;;;;
0602;1;;;;;;1;
0603;70;22;12;6;3;;113;
0604;139;29;12;2;;;182;
0605;;;;;;;;
0606;;;;;;;;
0607;;;;;;;;
0608;70;30;19;3;;;122;
0609;111;41;20;8;1;1;182;
0610;118;28;21;10;1;;178;
0611;;;;;;;;
0612;;;;;;;;
0613;16;3;5;2;1;;27;
0614;116;34;16;10;2;;178;
0615;91;45;19;6;2;;163;
0616;34;9;13;6;1;2;65;
0617;52;33;7;10;;;102;
0618;65;19;12;5;;;101;
0619;95;39;21;12;2;1;170;
0620;40;14;10;6;2;1;73;
0621;;;;;;;;
0622;;;;;;;;
0623;7;3;2;3;;1;16;
0624;;;;;;;;
0625;17;14;3;;;1;35;
0626;84;21;4;5;4;1;119;
0627;116;40;28;16;4;2;206;
0628;;;;;;;;
0629;38;12;7;4;;;61;
0630;108;36;16;16;1;;177;
0631;;;;;;;;
0632;72;26;10;6;;;114;
0633;;;;;;;;
0634;119;45;17;15;3;;199;
0635;24;14;8;4;2;2;54;
0636;40;22;9;3;2;;76;
0637;143;62;30;20;5;;260;
0638;59;25;12;4;3;;103;
0639;4;1;2;1;;;8;
0640;;;;;;;;
0641;67;27;7;6;;;107;
0642;26;12;8;1;2;;49;
0643;38;33;12;2;1;;86;
0644;52;34;13;8;1;;108;
0645;57;30;9;9;3;;108;
0646;109;36;20;11;3;;179;
0647;72;33;8;8;1;;122;
0648;1;;;;;;1;
0649;74;33;9;10;1;1;128;
0650;104;45;20;12;3;;184;
0651;114;36;22;13;3;1;189;
0652;167;33;29;9;2;;240;
0653;10;3;3;;;;16;
0654;19;14;3;6;1;;43;
0655;6;10;4;;;;20;
0656;68;45;23;11;1;;148;
0657;130;71;28;16;2;1;248;
0658;;;;;;;;
0659;;;;;;;;
0660;;;;;;;;
0661;140;59;35;13;4;;251;
0662;129;66;35;12;2;1;245;
0663;38;22;5;7;1;;73;
0664;38;36;9;4;3;1;91;
0665;56;20;15;6;1;;98;
0666;65;14;10;6;;1;96;
0667;94;38;14;10;5;1;162;
0668;49;15;9;8;;1;82;
0669;66;16;14;2;4;3;105;
0670;79;25;12;5;1;1;123;
0671;121;33;11;5;3;1;174;
0672;127;35;13;12;4;;191;
0673;56;17;12;8;;;93;
0674;75;36;17;8;1;1;138;
0675;36;11;9;1;;;57;
0676;37;23;11;5;2;1;79;
0677;40;22;5;4;1;;72;
0678;;;;;;;;
0679;43;8;4;2;3;;60;
0680;9;6;2;1;;;18;
0681;122;37;26;8;3;;196;
0682;32;16;7;3;;1;59;
0683;50;15;8;8;3;;84;
0684;118;34;26;11;1;;190;
0685;7;1;;;;;8;
0686;28;8;6;2;;;44;
0687;1;;2;;;;3;
0688;10;2;;1;;;13;
0689;;;;;;;;
0690;34;7;7;1;1;;50;
0691;25;7;8;4;;;44;
0692;19;8;3;1;;;31;
0693;51;13;8;1;1;;74;
0694;32;4;4;3;1;1;45;
0695;32;14;3;6;;;55;
0696;22;13;8;4;2;;49;
0697;47;15;7;4;2;;75;
0698;8;3;2;1;;;14;
0699;5;1;3;1;;;10;
0700;;;;;;;;
0701;22;28;28;30;12;3;123;
0702;24;16;7;6;;;53;
0703;15;8;4;5;1;;33;
0704;43;12;7;3;;;65;
0705;62;30;27;10;7;3;139;
0706;;;;;;;;
0707;109;60;24;14;;1;208;
0708;14;8;2;;;;24;
0709;;;;;;;;
0710;43;17;4;1;;;65;
0711;36;29;13;8;;;86;
0712;81;47;16;7;1;;152;
0713;49;16;8;6;1;1;81;
0714;87;55;32;16;5;1;196;
0715;75;51;23;17;8;3;177;
0716;23;13;3;4;;;43;
0717;100;59;26;18;3;4;210;
0718;54;24;11;7;1;1;98;
0719;98;58;38;15;2;1;212;
0720;44;21;8;7;1;;81;
0721;160;63;22;12;;;257;
0722;105;42;10;4;;;161;
0723;16;;;;;;16;
0724;61;34;16;8;1;;120;
0725;47;24;11;6;2;1;91;
0726;97;42;32;11;1;;183;
0727;93;40;13;7;2;1;156;
0728;49;22;13;6;2;;92;
0729;41;19;7;2;;;69;
0730;68;24;8;4;;;104;
0731;47;17;6;7;2;1;80;
0732;71;30;17;7;2;1;128;
0733;101;20;22;9;2;;154;
0734;1;;1;;;;2;
0735;109;63;28;15;5;1;221;
0736;99;81;53;25;9;3;270;
0737;27;12;7;3;;;49;
0738;94;46;22;11;3;2;178;
0739;3;3;4;1;;;11;
0740;17;6;5;3;1;;32;
0741;93;26;16;11;;;146;
0742;97;36;11;6;;1;151;
0743;58;27;15;3;2;;105;
0744;21;13;7;1;;;42;
0745;128;66;28;21;4;1;248;
0746;161;78;47;21;5;1;313;
0747;71;47;22;11;1;;152;
0748;41;22;9;7;1;1;81;
0749;48;25;21;6;1;;101;
0750;101;55;28;7;6;;197;
0751;16;12;9;3;;1;41;
0752;54;38;10;8;1;;111;
0753;5;2;1;1;;;9;
0754;81;44;13;11;6;1;156;
0755;38;25;14;8;;;85;
0756;;;;;;;;
0757;;;;;;;;
0758;186;92;49;11;6;2;346;
0759;35;36;22;11;;;104;
0760;76;57;27;9;5;1;175;
0761;88;27;16;6;1;;138;
0762;;;;;;;;
0763;;;;;;;;
0764;160;54;30;17;6;1;268;
0765;160;54;21;12;2;1;250;
0766;118;44;21;8;2;;193;
0767;61;32;20;3;4;;120;
0768;33;24;9;7;;1;74;
0769;;;;;;;;
0770;80;21;17;5;;1;124;
0771;73;28;12;5;1;1;120;
0772;51;23;4;7;1;;86;
0773;71;22;9;7;2;;111;
0774;102;32;13;8;2;;157;
0775;76;21;15;7;2;1;122;
0776;67;27;14;4;1;1;114;
0777;69;19;13;5;1;;107;
0778;46;27;15;10;1;;99;
0779;116;30;11;3;1;1;162;
0780;151;65;37;13;1;;267;
0781;31;5;7;3;2;1;49;
0782;6;6;3;1;1;;17;
0783;136;58;34;20;3;1;252;
0784;19;6;;5;;;30;
0785;4;4;2;;1;;11;
0786;100;95;47;26;2;;270;
0787;107;81;36;25;2;1;252;
0788;23;22;11;3;1;;60;
0789;88;80;38;9;5;3;223;
0790;98;86;57;12;2;;255;
0791;19;9;;6;1;;35;
0792;;;;;;;;
0793;28;5;3;5;;;41;
0794;24;17;10;4;1;1;57;
0795;41;22;6;1;;;70;
0796;39;23;12;6;3;;83;
0797;25;10;4;1;;;40;
0798;59;61;28;18;9;2;177;
0799;1;5;5;2;;1;14;
0800;1;5;4;2;;;12;
0801;18;22;15;7;2;;64;
0802;39;19;13;16;2;;89;
0803;51;24;26;10;3;;114;
0804;52;33;21;10;2;;118;
0805;41;25;19;7;;1;93;
0806;97;56;29;10;1;1;194;
0807;34;21;13;3;;1;72;
0808;59;31;12;8;5;;115;
0809;93;57;18;10;1;;179;
0810;39;25;16;11;2;;93;
0811;19;15;13;;;;47;
0812;28;18;8;10;2;;66;
0813;41;20;15;7;2;1;86;
0814;51;30;22;13;1;1;118;
0815;108;98;43;25;2;2;278;
0816;220;131;68;25;3;1;448;
0817;;;;;;;;
0818;91;83;40;24;7;2;247;
0819;14;21;7;5;1;;48;
0820;40;29;16;7;1;;93;
0821;37;24;14;3;2;;80;
0822;;;;;;;;
0823;34;17;4;2;1;;58;
0824;49;47;23;8;2;4;133;
0825;23;17;14;4;;;58;
0826;39;27;19;6;3;;94;
0827;46;29;12;1;3;;91;
0828;22;17;4;5;1;1;50;
0829;32;38;14;13;4;;101;
0830;23;26;12;10;3;1;75;
0831;41;28;33;12;;;114;
0832;;;;;;;;
0833;16;8;12;6;;1;43;
0834;35;16;9;6;;3;69;
0835;29;25;21;16;4;5;100;
0836;28;25;12;12;1;;78;
0837;23;24;14;6;;;67;
0838;22;30;11;4;3;2;72;
0839;55;38;19;14;9;11;146;
0840;20;17;10;2;1;;50;
0841;13;20;14;2;3;1;53;
0842;36;29;11;6;1;;83;
0843;;;;;;;;
0844;52;58;20;6;7;4;147;
0845;25;27;12;6;2;2;74;
0846;;;;;;;;
0847;17;17;8;9;1;1;53;
0848;19;11;7;5;1;;43;
0849;102;64;45;20;6;1;238;
0850;22;13;3;2;1;;41;
0851;74;78;26;17;2;2;199;
0852;97;94;43;14;3;3;254;
0853;101;84;34;23;7;8;257;
0854;40;43;26;7;1;;117;
0855;57;46;17;15;3;;138;
0856;41;41;26;13;;;121;
0857;60;65;20;12;1;1;159;
0858;107;85;45;34;7;2;280;
0859;55;79;39;16;;1;190;
0860;21;21;6;5;2;;55;
0861;36;12;8;2;;;58;
0862;77;55;27;15;3;1;178;
0863;85;45;23;16;6;;175;
0864;1;;;;;;1;
0865;80;47;16;9;2;;154;
0866;114;55;23;17;5;2;216;
0867;11;14;4;3;;;32;
0868;124;89;49;21;1;;284;
0869;59;34;30;20;1;3;147;
0870;73;45;23;9;;2;152;
0871;20;15;6;4;;1;46;
0872;40;20;11;3;;;74;
0873;58;36;14;10;1;1;120;
0874;50;47;16;9;2;;124;
0875;39;35;10;6;1;1;92;
0876;27;14;12;2;;;55;
0877;20;10;9;1;;;40;
0878;47;18;12;7;;;84;
0879;39;39;31;18;;;127;
0880;16;10;10;4;1;;41;
0881;39;20;7;3;;2;71;
0882;;;;;;;;
0883;1;;;;;;1;
0884;;;;;;;;
0885;10;2;3;1;;;16;
0886;;;1;;;;1;
0887;;;;;;;;
0888;85;39;34;13;1;1;173;
0889;;;;;;;;
0890;;;;;;;;
0891;23;9;6;;1;;39;
0892;5;1;2;2;1;;11;
0893;1;3;3;5;;;12;
0894;;;3;2;;;5;
0895;;;;;;;;
0896;49;24;6;8;1;;88;
0897;5;3;2;2;;;12;
0898;45;37;18;10;6;1;117;
0899;65;30;16;11;1;1;124;
0900;12;11;6;2;1;;32;
0901;80;38;20;14;2;1;155;
0902;126;100;43;29;2;2;302;
0903;108;69;47;25;3;;252;
0904;117;41;22;11;1;;192;
0905;148;51;29;9;1;;238;
0906;182;95;34;17;2;1;331;
0907;51;37;17;4;1;;110;
0908;180;91;67;38;3;3;382;
0909;38;26;14;11;3;;92;
0910;89;49;28;17;2;1;186;
0911;120;54;31;14;4;;223;
0912;238;121;66;39;10;1;475;
0913;80;41;11;10;;1;143;
0914;35;10;7;4;;1;57;
0915;32;8;2;3;2;;47;
0916;16;10;2;3;;;31;
0917;160;66;44;18;2;1;291;
0918;109;57;32;20;3;1;222;
0919;105;61;34;17;3;;220;
0920;101;46;27;8;;;182;
0921;147;90;57;18;4;2;318;
0922;147;72;44;18;2;2;285;
0923;138;48;22;11;2;1;222;
0924;30;29;5;3;2;;69;
0925;12;9;5;5;1;;32;
0926;41;28;7;7;5;1;89;
0927;101;41;31;31;5;;209;
0928;123;68;38;16;3;2;250;
0929;28;19;8;6;;;61;
0930;91;99;56;24;3;1;274;
0931;89;51;27;8;1;3;179;
0932;49;37;26;8;1;;121;
0933;28;2;2;;;;32;
0934;6;4;1;1;;;12;
0935;3;5;4;2;;;14;
0936;2;2;2;;;;6;
0937;9;9;5;3;;;26;
0938;7;2;2;4;;;15;
0939;;;;;;;;
0940;6;4;2;1;1;;14;
0941;1;2;1;1;1;;6;
0942;5;2;;;1;;8;
0943;;;;;;;;
0944;3;1;1;1;;;6;
0945;6;8;7;2;1;;24;
0946;4;6;1;5;;;16;
0947;;;;;;;;
0948;42;16;11;7;2;1;79;
0949;7;5;2;1;;;15;
0950;;;;;;;;
0951;3;;3;3;;;9;
0952;12;17;4;3;1;;37;
0953;;;;;;;;
0954;;;;;;;;
0955;1;;;;1;;2;
0956;;;;;;;;
0957;2;3;2;;;;7;
0958;7;3;2;2;;;14;
0959;2;1;;;;1;4;
0960;;;;;;;;
0961;;;;;;;;
0962;1;;1;1;;;3;
0963;;;;;;;;
0964;;1;;;;;1;
0965;;;;;;;;
0966;92;90;41;16;5;2;246;
0967;19;14;6;5;;;44;
0968;;;;;;;;
0969;72;47;24;9;1;;153;
0970;43;26;11;5;2;;87;
0971;32;29;18;22;4;2;107;
0972;;;;;;;;
0973;;;;;;;;
0974;1;;;;;;1;
0975;;;;;;;;
0976;;;;;;;;
0977;;;;;;;;
0978;26;10;10;5;1;;52;
0979;81;29;25;10;1;;146;
0980;38;28;11;7;1;1;86;
0981;4;3;;1;;;8;
0982;15;24;8;15;7;1;70;
0983;27;3;8;4;1;;43;
0984;99;46;25;11;1;;182;
0985;105;67;24;4;3;;203;
0986;128;40;11;10;1;1;191;
0987;12;4;3;2;2;;23;
0988;87;51;20;12;3;3;176;
0989;20;12;11;3;1;1;48;
0990;132;55;24;9;;;220;
0991;119;54;22;14;5;1;215;
0992;71;37;15;19;9;3;154;
0993;;;;;;;;
0994;54;17;5;3;;2;81;
0995;91;52;17;16;2;;178;
0996;;1;;;;;1;
0997;69;39;27;10;2;;147;
0998;91;73;21;2;;1;188;
0999;47;22;18;10;;1;98;
1000;55;29;19;12;1;;116;
1001;161;54;28;11;2;;256;
1002;91;55;16;11;1;2;176;
1003;109;71;20;11;1;1;213;
1004;104;61;38;17;2;1;223;
1005;105;46;29;8;4;;192;
1006;121;42;23;10;2;;198;
1007;57;41;27;10;15;2;152;
1008;28;21;9;8;2;1;69;
1009;;;;;;;;
1010;64;23;12;5;;2;106;
1011;17;19;3;3;;;42;
1012;1;;;;;;1;
1013;76;39;10;8;2;1;136;
1014;32;24;9;4;;;69;
1015;145;73;33;15;5;1;272;
1016;103;50;30;11;2;2;198;
1017;64;34;15;6;2;;121;
1018;43;18;10;9;1;;81;
1019;19;15;1;1;1;;37;
1020;12;6;14;;;;32;
1021;51;17;8;2;;;78;
1022;38;15;7;3;;;63;
1023;48;15;12;1;;;76;
1024;138;68;28;18;3;;255;
1025;;;;;;;;
1026;;;;;;;;
1027;18;4;7;1;;;30;
1028;162;82;32;16;3;1;296;
1029;117;57;39;11;8;4;236;
1030;;;;;;;;
1031;39;27;10;4;2;1;83;
1032;143;41;24;14;4;1;227;
1033;119;58;30;9;2;1;219;
1034;9;12;5;3;3;;32;
1035;46;23;11;7;2;;89;
1036;45;16;8;1;;;70;
1037;76;20;12;7;3;1;119;
1038;52;44;18;4;2;;120;
1039;;;;;;;;
1040;62;26;2;1;;;91;
1041;245;100;34;19;5;4;407;
1042;177;73;26;6;2;2;286;
1043;100;46;14;7;3;;170;
1044;45;29;19;8;;;101;
1045;;;;;;;;
1046;26;21;6;2;;1;56;
1047;41;15;7;7;1;;71;
1048;;;;;;;;
1049;15;8;3;4;1;;31;
1050;;1;;;;;1;
1051;3;;4;1;;;8;
1052;95;48;32;13;5;3;196;
1053;18;10;8;2;1;;39;
1054;78;70;43;11;7;3;212;
1055;106;51;22;13;2;1;195;
1056;99;46;11;9;1;1;167;
1057;92;53;16;7;1;;169;
1058;47;29;10;;1;;87;
1059;12;9;1;;;;22;
1060;50;22;21;5;1;;99;
1061;92;54;16;11;2;2;177;
1062;20;11;2;4;;;37;
1063;10;10;3;;;;23;
1064;124;80;33;20;6;;263;
1065;29;26;18;9;1;;83;
1066;63;53;20;13;2;;151;
1067;37;18;10;2;;;67;
1068;83;47;24;11;2;;167;
1069;16;13;5;2;;;36;
1070;116;44;33;8;1;1;203;
1071;99;72;26;15;5;;217;
1072;2;2;;1;;;5;
1073;26;7;3;1;1;1;39;
1074;69;45;26;13;2;;155;
1075;29;9;3;;;;41;
1076;3;3;;;;;6;
1077;121;57;17;15;1;2;213;
1078;;;;;;;;
1079;117;74;45;14;6;1;257;
1080;;;;;;;;
1081;115;126;44;21;5;2;313;
1082;23;24;12;6;1;;66;
1083;9;12;2;4;;;27;
1084;2;;;;;;2;
1085;;;1;;;;1;
1086;144;93;70;29;4;1;341;
1087;3;1;;;;;4;
1088;;;;;;;;
1089;26;11;7;3;1;2;50;
1090;92;129;37;24;3;1;286;
1091;93;100;47;26;11;7;284;
1092;116;108;61;40;8;6;339;
1093;33;45;29;11;4;5;127;
1094;;;;;;;;
1095;;;;;;;;
1096;;;;;;;;
1097;94;100;37;21;3;5;260;
1098;41;40;13;14;11;15;134;
1099;87;31;25;3;1;;147;
1100;3;;1;;;;4;
1101;61;82;42;23;1;1;210;
1102;30;56;23;18;9;12;148;
1103;;;;;;;;
1104;73;77;25;14;2;4;195;
1105;31;46;26;6;5;10;124;
1106;50;49;16;6;9;3;133;
1107;58;75;39;16;7;7;202;
1108;25;42;23;14;1;2;107;
1109;42;28;15;9;;1;95;
1110;2;3;;;;;5;
1111;4;6;2;1;;;13;
1112;7;4;2;1;1;;15;
1113;10;5;3;2;1;;21;
1114;1;;1;;3;3;8;
1115;1;;;;1;;2;
1116;11;4;4;1;;;20;
1117;;;;;;;;
1118;2;3;2;;1;;8;
1119;12;5;2;1;1;1;22;
1120;9;2;3;3;;1;18;
1121;;;;;;;;
1122;;;;;;;;
1123;1;;;;1;;2;
1124;;;;;;;;
1125;1;;2;;;;3;
1126;;;;;;1;1;
1127;;;;;;;;
1128;1;1;;1;;2;5;
1129;;;;;;;;
1130;3;1;;1;;1;6;
1131;;;;;;;;
1132;71;36;19;22;2;;150;
1133;;;;;;;;
1134;4;3;5;1;1;;14;
1135;;;;;;;;
1136;125;61;32;26;10;3;257;
1137;20;18;12;1;1;;52;
1138;67;26;20;10;1;;124;
1139;100;35;30;14;4;3;186;
1140;6;7;4;3;2;;22;
1141;8;4;4;2;;;18;
1142;6;1;1;;;1;9;
1143;29;11;17;15;2;;74;
1144;33;8;11;6;2;;60;
1145;51;37;12;19;4;;123;
1146;17;11;5;1;1;;35;
1147;21;12;9;8;3;;53;
1148;157;77;58;15;3;2;312;
1149;4;5;3;1;;;13;
1150;3;3;1;2;;;9;
1151;44;26;16;11;;;97;
1152;85;32;25;12;3;2;159;
1153;16;6;4;5;;;31;
1154;58;18;14;15;3;;108;
1155;47;32;16;14;5;1;115;
1156;70;36;23;17;8;1;155;
1157;5;4;;1;;;10;
1158;14;4;5;;1;2;26;
1159;5;2;1;1;;;9;
1160;;;;;;;;
1161;;;;;;;;
1162;168;98;72;67;29;10;444;
1163;14;7;2;3;2;1;29;
1164;21;9;2;3;2;;37;
1165;42;27;25;10;4;1;109;
1166;33;19;8;5;1;;66;
1167;39;15;10;6;4;1;75;
1168;13;6;7;4;2;;32;
1169;7;9;5;10;1;;32;
1170;77;31;22;18;3;1;152;
1171;14;7;5;6;1;1;34;
1172;32;11;10;8;3;;64;
1173;13;9;6;3;;;31;
1174;20;13;7;8;1;1;50;
1175;13;4;1;4;1;1;24;
1176;10;6;7;1;3;;27;
1177;5;1;2;2;2;;12;
1178;2;;3;1;;1;7;
1179;7;6;8;;;;21;
1180;;;;;;;;
1181;26;10;5;9;4;;54;
1182;6;5;;2;;;13;
1183;7;7;3;1;1;;19;
1184;5;1;2;2;1;;11;
1185;2;2;1;;;;5;
1186;1;1;1;2;;;5;
1187;17;20;7;4;3;;51;
1188;31;16;11;8;4;;70;
1189;;;;;;;;
1190;12;16;9;7;1;;45;
1191;10;4;3;2;3;;22;
1192;11;2;2;3;;;18;
1193;3;2;1;4;;;10;
1194;3;;;;;;3;
1195;;;;1;;;1;
1196;8;1;1;;;;10;
1197;3;1;1;1;;1;7;
1198;1;;;1;;;2;
1199;2;3;1;1;;;7;
1200;3;10;8;3;;;24;
1201;3;4;5;1;1;;14;
1202;5;5;5;3;;;18;
1203;7;7;3;4;2;1;24;
1204;4;2;2;2;;;10;
1205;10;4;3;2;;;19;
1206;3;2;3;4;1;;13;
1207;25;14;8;3;3;;53;
1208;;;;;;;;
1209;1;2;3;3;1;;10;
1210;9;4;2;3;1;;19;
1211;5;3;1;2;;;11;
1212;21;11;3;1;;;36;
1213;54;13;6;6;;;79;
1214;33;4;4;1;;;42;
1215;15;1;;;;;16;
1216;56;24;5;6;2;;93;
1217;;1;1;;;;2;
1218;30;12;11;9;4;;66;
1219;5;1;1;4;1;2;14;
1220;;;;;;;;
1221;;;;;;;;
1222;39;15;12;4;2;;72;
1223;45;15;6;6;;2;74;
1224;13;4;3;3;;;23;
1225;20;3;3;3;;;29;
1226;12;7;;;;;19;
1227;32;14;11;3;;1;61;
1228;41;24;4;8;1;;78;
1229;45;17;5;6;;;73;
1230;55;22;7;10;1;1;96;
1231;56;18;8;5;;1;88;
1232;81;31;15;8;4;;139;
1233;151;59;18;19;1;;248;
1234;67;22;12;6;3;;110;
1235;92;34;23;10;2;1;162;
1236;87;28;8;8;1;;132;
1237;105;28;15;10;1;;159;
1238;87;35;12;3;1;3;141;
1239;98;21;14;12;2;;147;
1240;64;39;28;4;6;;141;
1241;84;34;22;18;3;;161;
1242;;;;;;;;
1243;11;4;5;5;1;;26;
1244;;;;;;;;
1245;142;58;25;26;4;2;257;
1246;48;28;16;9;3;;104;
1247;10;4;2;3;;;19;
1248;24;9;3;1;1;;38;
1249;4;1;1;1;;;7;
1250;8;3;1;;;1;13;
1251;7;4;3;2;;;16;
1252;;;;;;;;
1253;;;;;;;;
1254;7;2;8;1;;;18;
1255;18;6;3;1;1;;29;
1256;49;21;8;8;;1;87;
1257;14;5;2;1;;;22;
1258;16;4;;3;1;;24;
1259;56;20;13;5;1;2;97;
1260;13;9;3;1;;;26;
1261;50;27;14;8;2;1;102;
1262;19;7;2;3;;;31;
1263;48;19;4;4;1;1;77;
1264;154;44;21;10;2;3;234;
1265;20;4;3;1;1;;29;
1266;3;;3;;;;6;
1267;12;11;2;3;;;28;
1268;82;22;25;12;2;2;145;
1269;93;25;24;7;5;4;158;
1270;121;36;23;15;2;3;200;
1271;88;33;18;8;2;;149;
1272;132;32;28;14;;;206;
1273;82;33;11;6;2;;134;
1274;118;48;41;15;4;;226;
1275;147;38;17;6;1;;209;
1276;136;43;25;14;2;;220;
1277;103;45;15;11;1;1;176;
1278;55;23;10;9;;;97;
1279;65;18;18;8;3;1;113;
1280;87;37;14;6;1;3;148;
1281;112;27;12;8;4;;163;
1282;61;9;7;1;;;78;
1283;7;;1;1;;1;10;
1284;95;38;16;7;1;6;163;
1285;81;33;10;11;3;1;139;
1286;14;9;2;4;;1;30;
1287;15;15;5;5;2;;42;
1288;49;20;13;6;;;88;
1289;120;37;13;11;;;181;
1290;38;18;2;2;1;;61;
1291;5;5;1;1;;;12;
1292;;;;;;;;
1293;36;15;5;2;;;58;
1294;132;38;24;8;1;;203;
1295;64;13;13;10;;1;101;
1296;95;40;23;14;5;2;179;
1297;;;;;;;;
1298;17;6;3;1;3;;30;
1299;;;;;;;;
1300;140;59;32;21;3;;255;
1301;55;33;10;10;;1;109;
1302;17;10;8;4;3;;42;
1303;137;56;43;21;3;3;263;
1304;63;49;18;18;4;;152;
1305;150;56;30;21;5;2;264;
1306;;;;;;;;
1307;66;28;16;10;2;;122;
1308;46;23;13;7;4;;93;
1309;49;16;10;2;1;;78;
1310;44;37;15;12;;;108;
1311;67;28;13;11;4;1;124;
1312;100;41;16;8;4;1;170;
1313;126;48;24;15;3;1;217;
1314;172;70;36;20;3;1;302;
1315;99;41;18;11;2;1;172;
1316;10;7;3;3;;;23;
1317;39;17;12;3;4;1;76;
1318;19;6;4;3;;;32;
1319;68;33;21;18;6;1;147;
1320;9;4;6;3;;;22;
1321;11;13;7;3;1;;35;
1322;20;7;8;4;1;1;41;
1323;18;14;3;5;1;;41;
1324;48;18;15;11;1;1;94;
1325;35;33;23;11;2;1;105;
1326;14;12;8;1;;;35;
1327;12;14;6;3;;;35;
1328;;;;;;;;
1329;72;36;12;11;3;;134;
1330;57;25;6;5;5;;98;
1331;98;53;26;17;4;;198;
1332;119;60;23;17;;;219;
1333;45;29;18;4;1;1;98;
1334;87;46;16;10;;;159;
1335;32;11;11;7;4;;65;
1336;23;25;11;5;1;;65;
1337;138;70;52;24;5;;289;
1338;96;56;31;18;7;2;210;
1339;122;65;39;22;7;3;258;
1340;22;13;12;3;2;;52;
1341;28;10;10;7;2;;57;
1342;35;11;8;4;1;;59;
1343;41;23;16;3;5;;88;
1344;76;29;23;14;3;1;146;
1345;24;14;10;2;;;50;
1346;29;11;6;2;;;48;
1347;75;36;24;8;5;;148;
1348;59;32;16;10;1;1;119;
1349;70;29;18;6;2;1;126;
1350;125;97;38;22;5;;287;
1351;39;53;22;8;9;9;140;
1352;;;;;;;;
1353;;;;;;;;
1354;60;41;17;9;6;2;135;
1355;89;39;25;9;2;1;165;
1356;;;;;;;;
1357;27;11;4;5;2;;49;
1358;32;15;13;7;;;67;
1359;7;1;;1;;;9;
1360;20;18;11;13;1;;63;
1361;69;31;18;11;1;2;132;
1362;15;4;;2;;;21;
1363;11;12;7;1;2;;33;
1364;22;18;11;6;;;57;
1365;58;28;12;13;2;;113;
1366;53;22;7;3;2;;87;
1367;46;24;8;5;2;2;87;
1368;38;27;12;4;1;;82;
1369;40;15;8;9;1;;73;
1370;106;72;25;11;5;;219;
1371;96;39;18;14;1;3;171;
1372;128;51;41;22;9;2;253;
1373;153;85;35;26;1;1;301;
1374;42;38;18;6;;;104;
1375;104;78;36;16;4;1;239;
1376;17;14;7;1;;;39;
1377;;;;;;;;
1378;37;26;18;15;8;1;105;
1379;31;12;8;8;4;;63;
1380;;;;;;;;
1381;11;3;2;2;;;18;
1382;25;12;4;4;;;45;
1383;31;19;23;10;2;;85;
1384;36;13;10;8;;;67;
1385;17;12;3;1;3;1;37;
1386;43;30;18;18;6;;115;
1387;15;13;7;7;3;1;46;
1388;19;13;5;8;;1;46;
1389;13;8;4;4;;;29;
1390;123;68;42;26;4;1;264;
1391;149;51;36;20;7;1;264;
1392;61;29;16;6;3;;115;
1393;48;16;19;5;1;;89;
1394;25;24;6;7;1;;63;
1395;17;13;2;2;1;;35;
1396;6;6;1;;;;13;
1397;21;14;6;5;;;46;
1398;86;33;21;10;4;;154;
1399;;1;;;;;1;
1400;25;17;10;5;1;1;59;
1401;64;31;19;10;3;;127;
1402;46;14;16;11;4;1;92;
1403;93;48;37;11;7;;196;
1404;;;;1;;;1;
1405;19;13;7;5;;;44;
1406;20;26;11;4;3;;64;
1407;28;16;13;10;2;1;70;
1408;75;47;15;12;2;;151;
1409;;;;;;;;
1410;29;14;9;5;1;;58;
1411;28;19;12;6;4;1;70;
1412;;;;;;;;
1413;138;69;39;32;6;2;286;
1414;128;61;40;24;2;;255;
1415;9;3;2;3;1;;18;
1416;27;19;10;2;1;1;60;
1417;;1;;;;;1;
1418;51;27;14;8;;1;101;
1419;63;20;13;9;3;;108;
1420;41;25;10;6;3;1;86;
1421;56;41;20;3;1;1;122;
1422;50;18;17;7;;1;93;
1423;75;39;13;14;4;;145;
1424;104;54;17;7;3;1;186;
1425;33;16;5;4;2;;60;
1426;152;77;35;22;3;3;292;
1427;24;5;4;;;;33;
1428;;;;;;;;
1429;41;12;11;1;;;65;
1430;46;27;16;4;;;93;
1431;43;16;5;4;;;68;
1432;43;22;8;5;1;;79;
1433;46;15;8;7;;;76;
1434;48;28;14;2;3;;95;
1435;24;5;3;2;;;34;
1436;10;8;1;1;;1;21;
1437;20;9;8;1;1;;39;
1438;26;17;9;3;2;;57;
1439;39;17;4;;;1;61;
1440;115;39;17;6;3;1;181;
1441;155;105;41;21;5;1;328;
1442;41;25;17;9;1;;93;
1443;42;24;9;6;2;;83;
1444;35;19;8;6;1;;69;
1445;55;25;15;9;2;;106;
1446;37;37;17;9;2;1;103;
1447;75;23;14;3;;;115;
1448;50;27;14;3;1;;95;
1449;182;52;16;7;2;;259;
1450;;;;;;;;
1451;;;;;;;;
1452;;;;;;;;
1453;15;2;2;;1;;20;
1454;;;;;;;;
1455;25;11;6;2;1;;45;
1456;;;;;;;;
1457;2;1;1;1;;;5;
1458;2;4;3;;;;9;
1459;;;;;;;;
1460;84;37;25;7;2;;155;
1461;57;15;3;6;1;;82;
1462;78;27;12;8;1;;126;
1463;163;55;32;11;3;;264;
1464;111;45;21;7;3;;187;
1465;98;44;24;10;2;2;180;
1466;121;29;11;8;1;1;171;
1467;85;31;18;10;4;;148;
1468;162;62;41;13;4;;282;
1469;;;;;;;;
1470;35;12;7;4;1;;59;
1471;29;9;7;1;;2;48;
1472;2;1;;;;;3;
1473;58;17;6;6;;;87;
1474;11;15;5;5;2;2;40;
1475;33;5;9;2;;1;50;
1476;62;14;9;1;1;1;88;
1477;103;38;15;9;;;165;
1478;104;27;16;10;1;;158;
1479;149;38;15;9;2;1;214;
1480;143;39;22;7;;;211;
1481;102;30;11;8;1;;152;
1482;144;28;13;4;3;;192;
1483;145;38;11;6;3;;203;
1484;40;16;7;1;3;1;68;
1485;70;14;6;1;;;91;
1486;148;41;19;6;2;;216;
1487;18;10;3;4;;;35;
1488;36;12;4;1;;;53;
1489;26;10;7;2;;;45;
1490;41;11;5;3;;;60;
1491;25;5;5;2;;;37;
1492;19;6;8;5;;;38;
1493;64;24;11;7;3;;109;
1494;18;6;4;1;;;29;
1495;;;;1;;;1;
1496;55;18;11;6;1;;91;
1497;67;16;18;5;2;;108;
1498;27;6;4;1;;;38;
1499;;;;;;;;
1500;;;;;;;;
1501;69;18;13;8;;;108;
1502;1;;1;1;;;3;
1503;61;18;10;11;1;;101;
1504;;;;;;;;
1505;;1;;;;;1;
1506;37;9;9;3;;;58;
1507;27;8;5;2;;;42;
1508;14;9;6;;;;29;
1509;4;1;1;;1;;7;
1510;13;2;1;1;1;1;19;
1511;23;6;3;;2;;34;
1512;26;5;2;1;;;34;
1513;;;;;;;;
1514;7;1;;1;;;9;
1515;14;1;1;;;;16;
1516;15;4;4;;1;;24;
1517;1;;;;;;1;
1518;20;10;2;4;1;1;38;
1519;22;;2;1;;;25;
1520;26;7;3;2;;;38;
1521;2;;1;;;;3;
1522;137;35;14;13;5;;204;
1523;24;2;1;1;;;28;
1524;10;3;4;;;;17;
1525;126;33;20;7;1;;187;
1526;33;15;3;3;;;54;
1527;100;36;18;17;4;2;177;
1528;70;18;5;8;1;2;104;
1529;3;;;;;;3;
1530;62;7;6;4;;;79;
1531;98;24;7;2;1;;132;
1532;89;26;10;4;;;129;
1533;71;18;7;3;1;;100;
1534;45;9;8;4;3;1;70;
1535;93;32;15;7;6;3;156;
1536;;;;;;;;
1537;87;16;9;4;3;;119;
1538;1;;;;;;1;
1539;;;;;;;;
1540;23;3;3;1;;1;31;
1541;18;3;1;;;;22;
1542;73;25;14;5;2;;119;
1543;7;2;;;;;9;
1544;29;13;7;3;6;;58;
1545;59;22;13;4;4;1;103;
1546;17;12;9;;1;;39;
1547;58;13;5;2;1;1;80;
1548;109;32;27;8;1;;177;
1549;73;35;16;10;7;1;142;
1550;214;39;24;9;2;;288;
1551;190;48;18;7;2;;265;
1552;76;18;10;9;1;;114;
1553;;;;;;;;
1554;199;41;37;15;6;;298;
1555;70;28;12;10;4;;124;
1556;139;55;24;11;4;2;235;
1557;73;24;11;4;3;;115;
1558;130;67;43;20;5;;265;
1559;;;;;;;;
1560;62;28;20;12;1;2;125;
1561;122;29;14;4;;;169;
1562;97;45;16;12;1;1;172;
1563;71;26;14;4;;;115;
1564;34;9;2;3;1;;49;
1565;17;7;2;;;1;27;
1566;39;13;8;3;;;63;
1567;68;28;8;5;1;1;111;
1568;;;;;;;;
1569;41;16;11;9;;;77;
1570;34;10;11;5;1;;61;
1571;33;4;1;;1;;39;
1572;32;12;11;5;2;3;65;
1573;12;4;1;1;;;18;
1574;39;16;14;1;2;;72;
1575;12;2;1;;;;15;
1576;73;40;18;7;2;;140;
1577;12;10;5;4;;;31;
1578;;;;;;;;
1579;148;68;37;20;7;2;282;
1580;34;16;5;8;;;63;
1581;29;14;5;4;2;1;55;
1582;44;14;9;3;1;1;72;
1583;183;61;26;14;2;1;287;
1584;96;32;18;12;3;;161;
1585;51;14;10;4;1;1;81;
1586;76;51;11;7;2;;147;
1587;55;38;23;7;3;;126;
1588;35;12;3;2;1;1;54;
1589;79;17;13;3;3;;115;
1590;30;12;5;3;2;;52;
1591;89;63;25;15;3;2;197;
1592;43;23;15;6;2;;89;
1593;;;;;;;;
1594;73;20;9;11;3;;116;
1595;35;8;9;;;;52;
1596;22;13;5;5;;;45;
1597;25;10;8;1;;1;45;
1598;36;28;12;6;6;7;95;
1599;36;22;14;9;5;3;89;
1600;136;37;19;4;1;;197;
1601;79;55;22;10;2;2;170;
1602;180;64;17;8;2;6;277;
1603;82;36;34;22;2;;176;
1604;;;;;;;;
1605;1;1;;;;;2;
1606;;;;;;;;
1607;69;23;21;14;1;;128;
1608;95;42;10;10;4;7;168;
1609;7;1;;2;;;10;
1610;27;22;5;2;2;;58;
1611;154;65;25;11;;1;256;
1612;17;4;2;1;1;;25;
1613;52;11;10;5;1;;79;
1614;64;27;18;3;1;;113;
1615;65;19;11;2;1;1;99;
1616;124;46;26;17;;;213;
1617;24;11;5;2;1;;43;
1618;78;40;24;12;;;154;
1619;10;2;6;1;;;19;
1620;31;13;8;5;;;57;
1621;59;13;5;2;2;;81;
1622;26;9;3;4;2;;44;
1623;39;14;3;1;2;;59;
1624;10;7;3;5;;;25;
1625;9;7;6;3;;;25;
1626;14;14;3;6;;;37;
1627;120;42;22;12;2;;198;
1628;;;;;;;;
1629;20;8;3;2;1;;34;
1630;50;23;15;9;;;97;
1631;87;37;14;6;;;144;
1632;134;70;34;23;4;;265;
1633;80;29;20;14;1;;144;
1634;;;;;;;;
1635;91;62;17;13;;;183;
1636;91;38;18;6;2;;155;
1637;99;46;31;12;4;1;193;
1638;85;26;26;9;1;;147;
1639;52;24;9;3;1;1;90;
1640;23;14;8;1;1;;47;
1641;40;13;7;5;;1;66;
1642;66;35;15;8;1;1;126;
1643;57;36;21;11;2;2;129;
1644;82;35;16;13;;1;147;
1645;15;6;5;1;1;;28;
1646;48;69;19;4;1;1;142;
1647;;;;;;;;
1648;50;21;11;6;3;;91;
1649;53;13;17;10;1;2;96;
1650;79;30;13;9;3;;134;
1651;64;37;17;8;1;;127;
1652;25;17;8;4;2;1;57;
1653;81;52;27;15;9;;184;
1654;74;23;18;13;2;2;132;
1655;40;26;18;8;3;1;96;
1656;76;34;21;13;2;;146;
1657;97;37;23;6;1;;164;
1658;84;45;16;8;3;;156;
1659;12;7;1;3;1;;24;
1660;57;31;19;11;1;2;121;
1661;21;9;4;3;;1;38;
1662;23;12;4;2;;;41;
1663;;;;;;;;
1664;14;2;8;1;2;;27;
1665;4;6;2;1;;;13;
1666;12;4;5;3;;;24;
1667;;;;;;;;
1668;;;;;;;;
1669;1;2;1;;;;4;
1670;;;;;;;;
1671;;;;;;;;
1672;;;;;;;;
1673;1;;1;;;;2;
1674;4;6;2;2;;;14;
1675;8;1;4;1;1;;15;
1676;27;20;13;12;2;;74;
1677;;;;;;;;
1678;;;;;;;;
1679;43;8;2;4;1;;58;
1680;6;13;1;4;1;;25;
1681;7;5;;;;;12;
1682;28;11;8;6;2;;55;
1683;;;;;;;;
1684;;;;;;;;
1685;1;3;;2;;;6;
1686;1;;;;;;1;
1687;175;169;130;72;17;;563;
1688;24;23;7;11;2;;67;
1689;60;71;53;41;9;;234;
1690;;1;;1;;;2;
1691;;;1;;1;;2;
1692;;;;;;;;
1693;;;;1;;;1;
1694;;;;;;;;
1695;;;;;;;;
1696;9;4;1;1;;;15;
1697;4;1;;;;;5;
1698;;1;;1;;;2;
1699;10;9;7;6;1;5;38;
1700;;;;;;;;
1701;;;;;;1;1;
1702;;;;1;;;1;
1703;1;1;;1;;;3;
1704;;1;;1;;;2;
1705;;3;2;;1;1;7;
1706;5;;;;;;5;
1707;;;;;;;;
1708;;;;;;;;
1709;1;;;1;;;2;
1710;;;1;;;;1;
1711;1;;1;;;;2;
1712;1;2;;;;;3;
1713;;;;;;;;
1714;5;9;3;2;;;19;
1715;;1;1;1;1;;4;
1716;1;1;;;;;2;
1717;5;2;2;;1;;10;
1718;2;;;;;;2;
1719;6;3;3;;;;12;
1720;33;8;5;;2;1;49;
1721;49;14;13;4;1;1;82;
1722;171;95;44;23;6;;339;
1723;31;9;12;3;;;55;
1724;41;28;12;6;1;1;89;
1725;119;88;28;19;8;1;263;
1726;42;22;12;1;2;;79;
1727;44;20;19;9;5;2;99;
1728;65;37;18;6;;;126;
1729;31;21;5;4;;;61;
1730;56;29;18;12;4;;119;
1731;89;48;19;10;3;;169;
1732;;;;;;;;
1733;3;3;3;2;;2;13;
1734;12;4;4;1;;;21;
1735;;;;;;;;
1736;;;;;;;;
1737;;;;;;;;
1738;23;9;14;5;2;;53;
1739;45;37;21;4;;1;108;
1740;7;6;;;;;13;
1741;25;13;9;6;;1;54;
1742;178;47;29;21;2;1;278;
1743;8;7;1;1;1;;18;
1744;106;50;22;13;3;;194;
1745;190;105;53;22;8;;378;
1746;25;5;5;3;;;38;
1747;108;88;62;35;8;2;303;
1748;47;21;7;5;2;;82;
1749;118;112;72;43;11;19;375;
1750;123;108;39;16;8;5;299;
1751;1;;;;;;1;
1752;14;11;6;3;1;;35;
1753;6;3;6;4;;;19;
1754;163;69;47;28;2;;309;
1755;4;4;4;1;;;13;
1756;65;31;16;9;2;;123;
1757;12;11;4;3;;;30;
1758;3;3;4;2;;;12;
1759;13;12;3;1;;;29;
1760;59;33;22;8;2;;124;
1761;5;;;;1;;6;
1762;3;4;4;;;;11;
1763;11;15;8;6;;;40;
1764;1;3;1;;;;5;
1765;;;;;;;;
1766;32;9;5;3;1;1;51;
1767;;;;;;;;
1768;;;;;;;;
1769;200;64;23;11;2;2;302;
1770;160;43;26;10;1;;240;
1771;22;5;5;5;1;;38;
1772;117;34;22;12;2;;187;
1773;;;;;;;;
1774;73;16;12;3;;;104;
1775;;;;;;;;
1776;103;68;37;14;3;1;226;
1777;67;33;21;5;;;126;
1778;9;6;5;1;;;21;
1779;17;8;7;2;1;;35;
1780;6;2;3;;;;11;
1781;;;;;;;;
1782;1;;;;;;1;
1783;23;14;8;1;1;;47;
1784;;;;;;;;
1785;6;3;4;;;;13;
1786;31;27;15;4;2;;79;
1787;105;43;24;9;1;;182;
1788;69;54;30;19;2;;174;
1789;60;22;14;9;2;;107;
1790;25;8;5;3;;;41;
1791;56;34;15;8;;;113;
1792;146;59;31;15;1;2;254;
1793;128;74;33;12;;;247;
1794;36;19;13;2;2;1;73;
1795;136;57;21;11;1;;226;
1796;63;18;11;6;;;98;
1797;144;42;18;15;3;1;223;
1798;52;15;8;1;;;76;
1799;62;25;7;7;1;1;103;
1800;53;17;6;3;2;;81;
1801;9;9;;1;1;;20;
1802;6;11;1;4;;;22;
1803;9;3;3;5;1;;21;
1804;78;43;19;2;2;;144;
1805;104;61;24;12;1;1;203;
1806;149;76;35;17;1;;278;
1807;36;24;7;2;;;69;
1808;26;26;11;2;;;65;
1809;21;11;3;2;;;37;
1810;1;;;;;;1;
1811;96;49;22;8;2;1;178;
1812;12;5;5;3;;;25;
1813;29;5;5;2;2;;43;
1814;80;29;9;8;;1;127;
1815;189;76;25;18;3;1;312;
1816;43;27;18;10;;;98;
1817;36;10;4;2;2;;54;
1818;121;38;20;12;;;191;
1819;;;;1;;;1;
1820;48;13;11;11;2;;85;
1821;62;25;8;4;5;;104;
1822;9;7;4;5;;;25;
1823;;;;;;;;
1824;122;57;36;12;1;1;229;
1825;42;33;11;5;1;4;96;
1826;8;3;3;2;1;;17;
1827;14;11;5;2;3;3;38;
1828;3;1;1;;;;5;
1829;107;50;14;4;3;2;180;
1830;67;41;10;5;;;123;
1831;69;31;14;9;1;;124;
1832;75;43;16;9;4;;147;
1833;76;41;15;11;5;1;149;
1834;85;36;23;5;3;;152;
1835;46;14;8;8;1;;77;
1836;107;44;26;18;1;;196;
1837;155;53;27;15;;1;251;
1838;94;46;20;12;3;;175;
1839;19;13;2;5;1;;40;
1840;;;;;;;;
1841;8;5;2;;;;15;
1842;94;48;20;6;;1;169;
1843;44;17;8;11;3;;83;
1844;51;25;14;4;1;;95;
1845;99;50;20;16;3;1;189;
1846;72;51;28;17;4;2;174;
1847;68;26;15;9;;;118;
1848;45;20;6;8;1;1;81;
1849;154;64;30;9;3;1;261;
1850;38;32;23;7;1;;101;
1851;83;42;23;12;;;160;
1852;128;80;52;30;9;2;301;
1853;87;36;10;14;2;2;151;
1854;1;;;;;;1;
1855;38;16;8;6;1;;69;
1856;68;24;5;6;;;103;
1857;18;8;2;3;1;;32;
1858;48;9;5;;;;62;
1859;95;39;27;13;1;2;177;
1860;109;38;33;16;3;;199;
1861;130;45;32;20;4;1;232;
1862;10;11;4;7;2;;34;
1863;21;7;10;7;;2;47;
1864;11;5;5;3;;;24;
1865;16;3;1;4;;;24;
1866;35;14;4;3;1;1;58;
1867;38;37;15;15;2;1;108;
1868;137;40;32;21;6;;236;
1869;10;9;3;2;;;24;
1870;44;36;23;11;;1;115;
1871;41;17;10;5;;;73;
1872;68;21;6;6;2;;103;
1873;80;29;17;15;2;;143;
1874;47;21;12;15;1;;96;
1875;60;27;21;10;1;;119;
1876;65;37;19;13;3;;137;
1877;114;91;39;37;2;;283;
1878;30;14;6;4;2;;56;
1879;18;7;3;2;;;30;
1880;179;100;44;26;4;1;354;
1881;27;16;17;13;;;73;
1882;21;13;8;11;2;;55;
1883;9;4;1;4;;1;19;
1884;46;33;13;8;4;1;105;
1885;;1;1;;;;2;
1886;40;27;13;8;;;88;
1887;40;19;22;8;;;89;
1888;6;4;1;;;1;12;
1889;4;6;5;5;2;1;23;
1890;25;16;6;5;1;;53;
1891;24;20;11;10;1;;66;
1892;2;2;1;;;;5;
1893;22;16;15;8;;;61;
1894;2;2;2;1;;;7;
1895;2;2;4;1;;;9;
1896;15;9;9;2;1;1;37;
1897;6;1;3;1;1;;12;
1898;38;30;15;8;1;1;93;
1899;59;36;22;8;1;2;128;
1900;5;2;1;2;;;10;
1901;13;4;2;7;1;;27;
1902;140;95;55;30;6;3;329;
1903;;;;;;;;
1904;20;8;2;2;;;32;
1905;54;30;19;14;3;2;122;
1906;61;47;27;15;9;1;160;
1907;55;48;21;16;7;1;148;
1908;1;3;1;3;;;8;
1909;6;5;7;4;1;1;24;
1910;;1;;;;;1;
1911;1;1;;2;;;4;
1912;;;;;1;;1;
1913;10;4;1;;1;;16;
1914;16;12;7;5;;;40;
1915;;;1;;;;1;
1916;9;4;4;1;1;;19;
1917;13;6;9;5;1;;34;
1918;5;;;;;;5;
1919;1;3;3;2;;;9;
1920;1;2;1;1;;;5;
1921;;;2;1;;;3;
1922;;;2;1;;;3;
1923;3;;1;;;;4;
1924;5;;2;;;;7;
1925;11;4;6;2;2;;25;
1926;9;5;8;2;2;;26;
1927;3;2;1;;;2;8;
1928;;;;;;;;
1929;1;;;;;;1;
1930;7;5;1;3;;;16;
1931;8;1;2;2;;;13;
1932;156;51;24;16;1;2;250;
1933;136;44;33;21;3;;237;
1934;108;44;32;15;2;;201;
1935;122;48;19;18;2;;209;
1936;59;25;16;8;3;1;112;
1937;206;73;29;12;3;1;324;
1938;201;41;21;14;5;1;283;
1939;147;32;18;4;2;;203;
1940;150;29;15;9;1;;204;
1941;114;31;21;11;3;1;181;
1942;135;46;23;12;2;1;219;
1943;95;24;17;9;1;1;147;
1944;178;58;12;7;;;255;
1945;179;48;20;11;3;1;262;
1946;25;7;2;2;;;36;
1947;20;10;5;3;;;38;
1948;14;4;3;4;1;;26;
1949;56;21;11;4;;;92;
1950;69;27;18;10;1;1;126;
1951;39;24;13;5;3;;84;
1952;5;4;2;1;;1;13;
1953;9;5;1;;;;15;
1954;;;;;;;;
1955;23;10;6;1;2;1;43;
1956;116;28;11;5;2;1;163;
1957;5;2;2;;;;9;
1958;12;4;4;;;;20;
1959;32;19;4;6;;;61;
1960;;1;1;1;;;3;
1961;1;2;;;;;3;
1962;40;9;7;6;;2;64;
1963;;;;;;;;
1964;29;11;4;4;;;48;
1965;14;3;2;3;;;22;
1966;9;4;4;1;1;;19;
1967;25;3;1;2;;;31;
1968;33;16;9;4;1;;63;
1969;41;11;6;2;;;60;
1970;37;7;6;3;;;53;
1971;24;9;5;1;;;39;
1972;33;7;4;4;;;48;
1973;141;44;20;4;2;1;212;
1974;114;36;22;7;1;;180;
1975;157;49;31;10;2;3;252;
1976;3;2;1;1;;;7;
1977;33;10;3;4;1;;51;
1978;127;31;9;7;2;1;177;
1979;157;48;14;6;2;1;228;
1980;137;47;25;9;;2;220;
1981;;;;;;;;
1982;167;44;23;14;3;2;253;
1983;52;15;4;4;;;75;
1984;79;23;20;5;5;1;133;
1985;111;33;19;8;1;;172;
1986;147;34;16;4;2;;203;
1987;3;;;;;;3;
1988;85;31;15;8;4;;143;
1989;4;;;2;1;;7;
1990;25;7;11;3;1;;47;
1991;35;19;6;6;2;;68;
1992;134;59;30;20;6;;249;
1993;34;13;6;4;1;;58;
1994;76;11;7;4;1;;99;
1995;55;9;10;1;;;75;
1996;1;;;;;;1;
1997;15;4;5;1;;;25;
1998;7;4;2;;;;13;
1999;2;1;;2;;;5;
2000;60;16;8;11;2;;97;
2001;;;;;;;;
2002;32;44;18;10;3;1;108;
2003;1;;2;1;1;;5;
2004;189;117;66;34;4;1;411;
2005;4;1;1;;;;6;
2006;97;76;40;27;6;2;248;
2007;81;83;24;16;10;;214;
2008;85;96;31;13;1;;226;
2009;118;103;33;29;5;2;290;
2010;57;80;24;22;7;;190;
2011;32;57;32;13;4;1;139;
2012;79;64;33;30;2;1;209;
2013;87;82;32;25;2;;228;
2014;75;90;43;13;5;2;228;
2015;61;82;31;18;5;1;198;
2016;62;54;24;8;4;;152;
2017;;;;;;;;
2018;257;184;100;40;10;2;593;
2019;1;;;;;;1;
2020;146;82;37;18;7;3;293;
2021;54;22;11;11;2;3;103;
2022;74;35;12;11;3;;135;
2023;23;14;3;2;;;42;
2024;11;2;4;;;;17;
2025;198;75;46;12;5;;336;
2026;16;9;5;3;1;;34;
2027;78;52;19;7;1;1;158;
2028;124;76;36;19;5;;260;
2029;;;;;;;;
2030;103;59;31;8;1;3;205;
2031;120;63;32;13;4;1;233;
2032;12;14;8;1;;;35;
2033;77;75;38;35;5;2;232;
2034;47;59;29;13;;1;149;
2035;55;52;33;10;3;;153;
2036;29;15;4;3;;;51;
2037;78;72;32;12;1;;195;
2038;52;86;30;16;3;;187;
2039;49;44;23;18;1;1;136;
2040;129;97;49;18;5;1;299;
2041;53;28;20;9;4;;114;
2042;;;;;;;;
2043;37;28;11;8;3;;87;
2044;32;15;10;8;2;;67;
2045;18;13;4;2;1;;38;
2046;;;;;;;;
2047;87;53;34;21;5;2;202;
2048;52;20;12;6;;;90;
2049;22;16;4;2;;;44;
2050;63;26;20;10;3;3;125;
2051;2;6;3;4;4;4;23;
2052;;;;;;;;
2053;4;1;1;;;;6;
2054;97;43;16;14;1;1;172;
2055;31;12;7;5;;;55;
2056;36;22;10;7;;;75;
2057;29;18;7;10;1;;65;
2058;40;28;14;4;2;;88;
2059;87;28;20;13;1;;149;
2060;32;7;1;1;;1;42;
2061;8;6;4;2;;;20;
2062;25;13;8;7;;;53;
2063;105;52;25;10;2;1;195;
2064;75;45;20;4;2;1;147;
2065;32;23;7;5;1;;68;
2066;32;40;14;6;;;92;
2067;67;24;20;10;;1;122;
2068;100;53;20;14;5;;192;
2069;68;38;21;11;3;;141;
2070;150;77;43;19;5;1;295;
2071;57;54;23;12;3;;149;
2072;;;;;;;;
2073;66;31;11;1;2;;111;
2074;35;19;8;2;1;;65;
2075;32;14;7;2;;;55;
2076;;;;;;;;
2077;20;10;7;4;;;41;
2078;139;82;41;13;2;2;279;
2079;79;56;19;4;1;1;160;
2080;104;62;41;24;2;1;234;
2081;52;38;20;12;3;;125;
2082;38;21;11;5;3;1;79;
2083;19;7;6;4;;;36;
2084;53;32;21;10;1;;117;
2085;73;40;28;8;;1;150;
2086;114;82;40;18;6;1;261;
2087;157;89;39;23;4;2;314;
2088;2;2;2;2;;;8;
2089;8;1;2;;;;11;
2090;45;29;12;;;;86;
2091;51;26;8;5;;1;91;
2092;81;63;22;12;;1;179;
2093;43;27;24;4;;;98;
2094;17;9;4;2;;;32;
2095;58;32;22;6;;;118;
2096;58;39;23;6;4;;130;
2097;21;12;7;5;;;45;
2098;57;44;11;8;2;;122;
2099;89;48;31;13;2;;183;
2100;10;10;2;2;1;1;26;
2101;55;36;24;8;3;2;128;
2102;40;23;16;5;;;84;
2103;52;18;11;5;2;;88;
2104;70;34;20;13;;;137;
2105;39;26;7;4;;;76;
2106;38;19;10;5;1;1;74;
2107;23;15;2;;1;;41;
2108;11;9;3;1;;;24;
2109;10;8;4;;;;22;
2110;53;12;5;2;;;72;
2111;25;8;3;2;4;;42;
2112;10;4;5;;;;19;
2113;27;13;7;7;1;;55;
2114;58;53;14;12;1;;138;
2115;13;4;3;1;;;21;
2116;48;23;11;9;4;;95;
2117;14;24;3;4;1;2;48;
2118;56;54;22;13;1;1;147;
2119;57;57;25;14;2;;155;
2120;124;71;36;14;5;5;255;
2121;111;58;36;21;3;;229;
2122;70;79;37;17;1;1;205;
2123;28;26;9;8;;;71;
2124;87;47;17;9;5;;165;
2125;;;;;;;;
2126;109;119;50;25;6;2;311;
2127;35;41;15;6;5;;102;
2128;114;99;55;26;4;;298;
2129;49;48;32;24;;;153;
2130;31;17;13;9;1;;71;
2131;51;36;35;21;2;;145;
2132;52;76;19;21;2;;170;
2133;3;3;1;;;;7;
2134;90;92;52;19;3;1;257;
2135;4;3;;;;;7;
2136;52;49;19;15;4;;139;
2137;;;;;;;;
2138;49;50;14;7;1;;121;
2139;;;1;1;;;2;
2140;9;4;4;;;;17;
2141;;;;;;;;
2142;67;83;44;28;14;11;247;
2143;96;86;55;23;10;10;280;
2144;53;62;24;14;4;1;158;
2145;156;93;46;34;8;1;338;
2146;;;;;;;;
2147;70;64;35;23;3;;195;
2148;94;57;37;13;2;1;204;
2149;90;119;44;34;8;3;298;
2150;35;13;9;2;3;;62;
2151;38;33;11;7;2;;91;
2152;25;16;3;4;1;1;50;
2153;13;8;11;2;2;;36;
2154;36;35;12;10;;2;95;
2155;46;32;10;9;2;1;100;
2156;;;;;;;;
2157;12;1;7;;1;;21;
2158;;3;2;1;1;;7;
2159;4;3;3;1;2;1;14;
2160;4;1;1;1;;;7;
2161;6;3;1;1;1;;12;
2162;2;3;;2;2;;9;
2163;3;1;3;1;;;8;
2164;19;14;12;3;2;1;51;
2165;16;8;9;1;;;34;
2166;17;9;6;2;1;;35;
2167;4;7;3;;;;14;
2168;19;18;9;4;1;;51;
2169;;;;;;;;
2170;44;26;10;8;4;2;94;
2171;54;20;19;10;4;;107;
2172;100;59;31;25;6;;221;
2173;;1;;;;;1;
2174;12;12;5;2;;;31;
2175;23;4;10;3;;;40;
2176;14;6;1;4;;;25;
2177;14;10;6;3;1;1;35;
2178;9;4;2;3;;1;19;
2179;5;8;4;1;;;18;
2180;1;;;;;;1;
2181;21;16;8;5;1;;51;
2182;20;17;7;9;1;1;55;
2183;37;18;10;2;;1;68;
2184;4;7;4;4;;;19;
2185;5;;6;;;;11;
2186;12;10;4;2;1;1;30;
2187;14;4;2;2;;;22;
2188;5;4;1;2;;1;13;
2189;19;12;6;2;1;;40;
2190;2;1;;;;1;4;
2191;5;2;1;;;;8;
2192;24;19;10;8;2;1;64;
2193;9;7;6;5;1;1;29;
2194;23;21;6;6;2;1;59;
2195;36;21;4;5;1;1;68;
2196;4;9;1;1;1;;16;
2197;23;35;10;15;2;;85;
2198;4;5;1;2;1;1;14;
2199;25;21;15;6;3;;70;
2200;23;12;3;4;;;42;
2201;20;9;6;5;;;40;
2202;12;12;2;2;1;;29;
2203;59;37;12;8;;;116;
2204;4;5;2;3;1;;15;
2205;129;56;42;18;4;1;250;
2206;66;25;13;8;1;;113;
2207;99;56;33;21;1;1;211;
2208;57;20;15;2;3;;97;
2209;70;31;29;10;;1;141;
2210;76;48;29;11;3;;167;
2211;59;41;20;9;1;;130;
2212;46;30;13;12;1;;102;
2213;38;23;6;5;2;;74;
2214;19;13;4;2;;;38;
2215;5;7;2;;;;14;
2216;111;111;46;20;4;1;293;
2217;;;;;;;;
2218;35;16;7;1;;1;60;
2219;90;43;18;7;;1;159;
2220;48;27;6;4;;;85;
2221;40;57;19;14;2;;132;
2222;138;74;23;11;2;2;250;
2223;49;27;11;10;4;;101;
2224;60;30;20;8;1;2;121;
2225;;2;;;;;2;
2226;;;;;;;;
2227;;;;;;;;
2228;65;28;15;8;1;;117;
2229;51;33;16;5;;;105;
2230;31;26;8;6;;;71;
2231;;;;;;;;
2232;77;37;18;4;3;;139;
2233;16;6;3;1;;;26;
2234;25;22;11;2;2;;62;
2235;42;23;21;6;;1;93;
2236;17;17;7;4;2;;47;
2237;20;10;5;;;;35;
2238;41;23;11;2;;1;78;
2239;29;24;7;5;1;1;67;
2240;2;3;1;1;;;7;
2241;1;;;;;;1;
2242;5;18;9;2;;;34;
2243;65;28;12;3;1;;109;
2244;11;9;3;1;;;24;
2245;26;15;10;9;;1;61;
2246;31;28;19;9;2;;89;
2247;12;17;3;3;;;35;
2248;2;1;2;1;;;6;
2249;12;12;4;4;1;;33;
2250;5;5;5;2;1;;18;
2251;8;4;5;2;;;19;
2252;61;45;26;12;3;;147;
2253;60;60;26;16;5;1;168;
2254;54;58;39;20;3;2;176;
2255;;;;;;;;
2256;29;32;19;8;1;;89;
2257;107;79;39;25;6;6;262;
2258;29;14;4;7;1;;55;
2259;32;42;17;12;2;1;106;
2260;;;;;;;;
2261;32;21;13;7;;;73;
2262;59;50;18;21;1;;149;
2263;102;87;50;22;5;1;267;
2264;76;53;31;15;2;1;178;
2265;38;38;18;10;;;104;
2266;90;37;33;16;3;;179;
2267;41;20;12;3;1;;77;
2268;36;25;9;2;1;1;74;
2269;47;25;12;6;;1;91;
2270;10;4;;3;;;17;
2271;34;31;16;10;2;1;94;
2272;82;57;27;11;1;1;179;
2273;24;20;7;6;1;;58;
2274;19;10;8;1;;;38;
2275;74;55;20;3;;1;153;
2276;59;41;17;4;2;1;124;
2277;52;23;10;8;2;;95;
2278;;;;;;;;
2279;;;;;;;;
2280;68;57;27;12;6;3;173;
2281;;;;;;;;
2282;25;21;14;7;4;1;72;
2283;8;10;1;2;;;21;
2284;31;25;12;5;;1;74;
2285;25;25;10;6;2;1;69;
2286;55;96;46;20;1;2;220;
2287;6;11;5;1;1;;24;
2288;;;1;;;;1;
2289;2;3;5;6;2;;18;
2290;5;3;2;1;;;11;
2291;3;3;3;3;;;12;
2292;91;41;25;17;4;1;179;
2293;11;5;2;2;;;20;
2294;8;3;;;;;11;
2295;39;27;8;7;2;1;84;
2296;18;8;4;4;1;;35;
2297;13;11;3;1;;;28;
2298;21;13;2;3;;;39;
2299;43;40;15;12;3;1;114;
2300;19;18;8;7;1;;53;
2301;6;5;2;1;;;14;
2302;5;7;1;2;;;15;
2303;13;10;5;4;;1;33;
2304;10;1;1;;;;12;
2305;17;17;5;2;1;;42;
2306;12;6;4;1;;;23;
2307;10;16;4;2;1;;33;
2308;2;2;;;;;4;
2309;2;;2;;;1;5;
2310;1;5;1;;;;7;
2311;16;8;3;4;1;;32;
2312;33;22;14;4;1;1;75;
2313;41;26;20;10;3;1;101;
2314;15;12;9;3;1;;40;
2315;27;14;10;2;;;53;
2316;26;23;16;;1;1;67;
2317;3;2;1;;;;6;
2318;38;21;19;4;1;1;84;
2319;16;17;7;5;1;;46;
2320;51;32;28;10;4;;125;
2321;;;;;;;;
2322;18;13;7;2;;;40;
8888;77;1;;2;3;;83;
Totale;101.504;53.976;27.959;14.727;3.305;1.213;202.684;
;;;;;;;;
(*) Famiglia anagrafica  un insieme di persone legate da vincoli di matrimonio, parentela, affinit, adozione, tutela o da vincoli affettivi, coabitanti ed aventi dimora abituale nello stesso Comune(D.P.R. n.223 30/5/1989).;;;;;;;;
(a) Dal 31/12/2005  si fa riferimento alle sezioni di censimento 2001, per gli anni precedenti alle sezioni di censimento 1991. Si tratta di aree cartografiche diverse. Per individuare correttamente le aree di interesse  necessario consultare il sito alla voce - Individua le sezioni sulle mappe o sullo stradario.;;;;;;;;