Sezioni 2001;1. Celibi/nubili;2. Coniugati/e;3. Vedovi/e;4. Divorziati/e;Totale
0001;124;52;3;3;182
0002;5;4;;1;10
0003;;;;;
0004;41;44;2;2;89
0005;4;8;1;;13
0006;15;17;7;1;40
0007;6;10;2;1;19
0008;7;10;3;2;22
0009;2;3;;;5
0010;29;29;4;4;66
0011;6;6;2;;14
0012;126;133;22;15;296
0013;75;46;7;3;131
0014;11;5;2;;18
0015;39;13;2;;54
0016;7;8;2;;17
0017;17;29;6;1;53
0018;4;4;;1;9
0019;11;14;2;6;33
0020;2;6;;1;9
0021;17;12;3;;32
0022;1;2;;;3
0023;1;2;;;3
0024;8;16;2;;26
0025;12;14;2;;28
0026;9;5;;;14
0027;29;17;2;3;51
0028;1;1;1;;3
0029;8;3;;;11
0030;4;2;2;;8
0031;27;18;1;1;47
0032;;;;;
0033;9;8;2;;19
0034;4;1;;;5
0035;;;;;
0036;2;1;;;3
0037;3;;;;3
0038;1;5;2;;8
0039;62;55;2;7;126
0040;;;;;
0041;23;21;5;2;51
0042;37;31;;;68
0043;24;24;2;2;52
0044;;;;;
0045;2;4;1;;7
0046;;;;1;1
0047;10;7;;1;18
0048;;;;;
0049;1;2;;;3
0050;19;13;6;;38
0051;;;;;
0052;16;16;;2;34
0053;23;20;3;1;47
0054;17;20;4;1;42
0055;;2;1;;3
0056;;;;;
0057;;;;;
0058;46;54;25;1;126
0059;32;41;9;4;86
0060;223;270;56;12;561
0061;2;4;;1;7
0062;251;274;43;21;589
0063;49;35;12;7;103
0064;49;98;17;3;167
0065;80;69;14;3;166
0066;1;2;1;;4
0067;39;43;7;4;93
0068;4;2;;;6
0069;213;251;66;16;546
0070;139;143;29;13;324
0071;60;66;13;5;144
0072;3;;;;3
0073;9;19;9;1;38
0074;18;13;7;2;40
0075;;;;;
0076;51;75;24;4;154
0077;143;165;41;10;359
0078;77;128;26;6;237
0079;214;345;63;18;640
0080;;;;;
0081;84;197;72;14;367
0082;82;176;30;8;296
0083;;;;;
0084;;;;;
0085;;;;;
0086;;;;;
0087;15;26;4;2;47
0088;60;78;10;4;152
0089;20;36;5;3;64
0090;103;104;21;7;235
0091;28;41;15;2;86
0092;18;16;3;;37
0093;43;54;12;2;111
0094;33;51;7;4;95
0095;48;51;20;4;123
0096;45;47;25;5;122
0097;178;172;33;16;399
0098;100;188;29;5;322
0099;53;65;12;2;132
0100;62;77;12;3;154
0101;178;218;69;12;477
0102;14;11;1;;26
0103;91;150;25;5;271
0104;99;117;25;5;246
0105;70;88;19;3;180
0106;4;7;1;;12
0107;180;187;42;22;431
0108;65;48;11;3;127
0109;152;159;29;8;348
0110;52;65;14;3;134
0111;36;57;8;1;102
0112;48;80;15;3;146
0113;160;161;58;17;396
0114;50;54;6;1;111
0115;53;46;15;8;122
0116;77;91;12;7;187
0117;152;158;34;16;360
0118;54;59;15;2;130
0119;;3;;;3
0120;116;128;36;9;289
0121;;2;;;2
0122;21;4;1;3;29
0123;;;;;
0124;109;125;32;22;288
0125;;;1;;1
0126;;;;;
0127;183;111;19;15;328
0128;3;10;;;13
0129;;2;;;2
0130;78;57;3;1;139
0131;15;1;;;16
0132;73;52;37;4;166
0133;;;;;
0134;20;38;6;1;65
0135;22;35;8;4;69
0136;;;;;
0137;14;33;2;1;50
0138;5;8;3;;16
0139;17;12;2;4;35
0140;258;228;44;16;546
0141;;2;;;2
0142;243;287;63;15;608
0143;41;54;6;1;102
0144;4;5;1;;10
0145;250;258;47;13;568
0146;196;186;42;17;441
0147;119;149;28;8;304
0148;76;139;21;6;242
0149;119;186;41;5;351
0150;133;191;29;6;359
0151;37;56;20;3;116
0152;18;31;7;;56
0153;224;279;53;22;578
0154;238;261;39;8;546
0155;154;177;49;11;391
0156;;;;;
0157;;;;;
0158;11;12;4;1;28
0159;7;6;;;13
0160;9;10;4;1;24
0161;34;24;;1;59
0162;3;2;;;5
0163;16;14;1;2;33
0164;15;23;2;2;42
0165;13;15;3;;31
0166;;;;;
0167;;;;;
0168;123;195;45;11;374
0169;242;298;36;20;596
0170;2;11;2;;15
0171;290;380;51;20;741
0172;16;11;2;;29
0173;142;245;49;13;449
0174;314;306;62;28;710
0175;2;4;;;6
0176;118;285;52;12;467
0177;126;204;38;8;376
0178;34;45;12;4;95
0179;;;;;
0180;82;113;12;8;215
0181;;;;;
0182;248;271;53;25;597
0183;49;71;7;2;129
0184;1;4;;;5
0185;7;8;1;;16
0186;39;45;2;4;90
0187;1;2;2;1;6
0188;3;3;1;;7
0189;4;2;1;;7
0190;1;;;;1
0191;11;11;1;1;24
0192;4;8;;;12
0193;13;4;;;17
0194;13;10;;1;24
0195;5;2;1;;8
0196;66;84;12;10;172
0197;33;21;3;2;59
0198;32;31;6;2;71
0199;42;22;2;3;69
0200;;;;;
0201;14;7;32;1;54
0202;5;9;;;14
0203;44;32;1;4;81
0204;;2;;;2
0205;118;156;20;7;301
0206;67;104;15;5;191
0207;;;;;
0208;;;;;
0209;;;;;
0210;;;;;
0211;147;155;49;20;371
0212;124;131;35;9;299
0213;53;64;11;2;130
0214;76;73;19;6;174
0215;44;42;7;3;96
0216;120;97;24;11;252
0217;;;;;
0218;7;1;;;8
0219;47;24;47;4;122
0220;4;5;;;9
0221;21;11;1;1;34
0222;5;3;1;1;10
0223;;;;;
0224;;;;;
0225;7;7;1;1;16
0226;11;15;2;;28
0227;;;;;
0228;39;13;;1;53
0229;150;195;34;10;389
0230;184;252;41;12;489
0231;56;54;7;1;118
0232;35;53;14;3;105
0233;68;81;29;6;184
0234;100;100;23;5;228
0235;57;49;4;4;114
0236;24;45;9;2;80
0237;43;61;19;3;126
0238;105;89;21;12;227
0239;139;88;31;7;265
0240;66;52;9;4;131
0241;154;122;35;10;321
0242;252;147;26;15;440
0243;227;113;17;10;367
0244;26;12;4;6;48
0245;2;2;;;4
0246;33;27;4;4;68
0247;163;146;36;8;353
0248;109;100;24;7;240
0249;121;181;31;6;339
0250;106;25;5;3;139
0251;198;182;42;18;440
0252;59;75;15;5;154
0253;;;;;
0254;186;158;34;7;385
0255;145;102;26;10;283
0256;250;192;32;13;487
0257;188;153;30;16;387
0258;174;160;30;10;374
0259;37;34;4;3;78
0260;92;92;26;3;213
0261;169;168;42;10;389
0262;186;173;41;13;413
0263;185;199;41;18;443
0264;80;80;24;7;191
0265;150;150;28;10;338
0266;110;110;20;8;248
0267;43;50;13;5;111
0268;119;114;25;5;263
0269;266;169;43;10;488
0270;268;161;46;20;495
0271;56;57;17;2;132
0272;107;66;17;8;198
0273;109;67;26;6;208
0274;68;70;5;2;145
0275;63;52;6;1;122
0276;86;87;23;4;200
0277;237;158;42;21;458
0278;33;24;9;2;68
0279;87;57;18;11;173
0280;58;40;11;5;114
0281;189;161;36;6;392
0282;202;149;63;12;426
0283;218;168;79;25;490
0284;74;54;27;18;173
0285;96;85;21;5;207
0286;35;19;8;1;63
0287;164;141;34;13;352
0288;109;140;42;20;311
0289;81;63;14;5;163
0290;202;173;47;14;436
0291;77;53;12;2;144
0292;3;3;3;;9
0293;86;52;11;3;152
0294;33;15;4;3;55
0295;;;;;
0296;176;146;31;14;367
0297;;;;;
0298;17;18;8;2;45
0299;;;;;
0300;84;93;18;4;199
0301;98;137;26;8;269
0302;27;17;1;1;46
0303;224;200;37;13;474
0304;66;89;7;6;168
0305;57;42;10;2;111
0306;194;169;38;13;414
0307;181;164;36;7;388
0308;220;210;43;9;482
0309;198;139;28;10;375
0310;3;4;;;7
0311;170;167;36;13;386
0312;86;103;25;8;222
0313;118;134;22;11;285
0314;7;16;2;1;26
0315;84;95;25;8;212
0316;154;177;48;11;390
0317;150;163;29;7;349
0318;144;155;27;3;329
0319;129;87;23;5;244
0320;;;;;
0321;;;;;
0322;134;136;24;10;304
0323;430;303;21;14;768
0324;232;137;32;16;417
0325;294;224;63;14;595
0326;183;144;29;8;364
0327;116;85;15;3;219
0328;84;65;13;6;168
0329;35;23;8;1;67
0330;57;47;8;3;115
0331;78;68;16;;162
0332;156;126;24;8;314
0333;232;270;60;8;570
0334;83;81;9;6;179
0335;197;194;31;2;424
0336;157;125;15;3;300
0337;134;88;13;10;245
0338;103;53;17;10;183
0339;;;;;
0340;118;113;27;7;265
0341;91;80;15;3;189
0342;97;59;10;6;172
0343;;;;;
0344;16;9;1;;26
0345;48;19;;2;69
0346;;;;;
0347;76;63;12;9;160
0348;136;103;20;4;263
0349;85;63;12;11;171
0350;63;43;8;6;120
0351;116;102;20;5;243
0352;118;139;29;8;294
0353;78;56;9;2;145
0354;75;56;41;4;176
0355;51;30;4;2;87
0356;191;206;36;10;443
0357;115;106;28;8;257
0358;144;122;41;13;320
0359;130;122;29;10;291
0360;125;125;27;9;286
0361;112;93;15;6;226
0362;95;74;16;8;193
0363;10;17;1;;28
0364;;;;;
0365;1;2;;;3
0366;15;13;3;;31
0367;52;5;2;;59
0368;1;1;;;2
0369;8;8;1;1;18
0370;47;31;;2;80
0371;32;22;1;;55
0372;;;;;
0373;;;;;
0374;;;;;
0375;22;15;1;2;40
0376;152;124;23;8;307
0377;39;46;6;;91
0378;84;106;24;5;219
0379;37;48;16;2;103
0380;30;32;10;;72
0381;12;20;6;;38
0382;137;132;16;10;295
0383;62;133;20;3;218
0384;94;140;32;2;268
0385;8;15;8;1;32
0386;23;14;5;1;43
0387;21;25;6;4;56
0388;12;9;6;;27
0389;16;3;4;1;24
0390;20;39;11;1;71
0391;8;11;1;1;21
0392;94;63;8;3;168
0393;;;;;
0394;74;60;6;4;144
0395;67;79;17;4;167
0396;130;78;12;6;226
0397;133;121;24;6;284
0398;196;277;45;18;536
0399;191;215;39;25;470
0400;166;156;57;13;392
0401;30;43;6;;79
0402;84;118;32;4;238
0403;66;132;18;5;221
0404;213;373;53;5;644
0405;148;267;51;6;472
0406;28;52;16;1;97
0407;114;235;49;10;408
0408;;;;;
0409;46;119;27;5;197
0410;69;54;16;4;143
0411;42;71;27;3;143
0412;132;146;42;4;324
0413;181;209;40;10;440
0414;31;36;7;1;75
0415;155;200;40;16;411
0416;59;77;21;9;166
0417;143;219;46;7;415
0418;;;;;
0419;48;27;;4;79
0420;2;2;;;4
0421;35;22;2;2;61
0422;9;7;;;16
0423;14;24;2;1;41
0424;4;4;;1;9
0425;95;63;7;7;172
0426;19;4;;2;25
0427;;;;;
0428;56;48;6;5;115
0429;5;10;;1;16
0430;74;46;3;8;131
0431;64;58;3;5;130
0432;22;29;3;1;55
0433;1;2;;;3
0434;16;13;1;1;31
0435;126;96;17;4;243
0436;;;;;
0437;;;;;
0438;23;10;;;33
0439;174;179;46;22;421
0440;;;;;
0441;11;14;4;;29
0442;186;256;34;8;484
0443;1;2;;;3
0444;128;122;25;10;285
0445;10;7;1;;18
0446;14;18;;;32
0447;48;85;22;4;159
0448;44;69;5;2;120
0449;13;6;;;19
0450;7;8;1;;16
0451;5;15;1;1;22
0452;413;449;43;23;928
0453;;6;;;6
0454;16;9;1;1;27
0455;2;2;;;4
0456;6;1;;3;10
0457;30;44;5;2;81
0458;22;22;6;1;51
0459;1;1;;;2
0460;20;22;6;1;49
0461;;;;;
0462;2;2;;;4
0463;387;515;57;32;991
0464;81;94;5;8;188
0465;63;71;18;3;155
0466;85;122;23;5;235
0467;92;81;17;4;194
0468;120;147;30;9;306
0469;144;116;11;14;285
0470;12;19;4;2;37
0471;17;20;3;;40
0472;129;115;29;11;284
0473;46;65;3;2;116
0474;156;124;30;9;319
0475;;2;;;2
0476;;;;;
0477;26;28;4;4;62
0478;23;32;5;;60
0479;;;;;
0480;54;48;6;;108
0481;190;198;20;16;424
0482;13;31;3;;47
0483;24;27;2;2;55
0484;12;28;;;40
0485;236;257;26;13;532
0486;86;153;25;4;268
0487;;;;;
0488;;;;;
0489;4;8;1;;13
0490;;2;;;2
0491;6;20;1;2;29
0492;;;;;
0493;29;13;2;3;47
0494;9;7;;;16
0495;15;19;4;1;39
0496;24;26;4;;54
0497;9;6;1;4;20
0498;3;;;;3
0499;15;11;1;1;28
0500;31;40;4;2;77
0501;113;113;28;9;263
0502;23;23;;1;47
0503;481;586;48;54;1.169
0504;9;15;2;;26
0505;;;1;;1
0506;1;3;;;4
0507;;;;;
0508;4;2;;;6
0509;8;15;1;;24
0510;;;;;
0511;;;;;
0512;4;5;;;9
0513;;;;;
0514;6;9;;;15
0515;3;4;;;7
0516;2;3;1;;6
0517;24;24;2;3;53
0518;4;4;2;;10
0519;;2;;;2
0520;2;4;;;6
0521;7;4;1;;12
0522;6;12;;;18
0523;9;8;1;;18
0524;3;7;;;10
0525;8;3;;1;12
0526;16;7;;1;24
0527;3;;;;3
0528;9;11;;;20
0529;;;;;
0530;12;4;;;16
0531;;;;;
0532;;;;;
0533;;;;;
0534;27;6;1;2;36
0535;;;;;
0536;409;320;60;35;824
0537;;;;;
0538;8;9;1;;18
0539;126;190;31;12;359
0540;2;4;;;6
0541;11;5;1;2;19
0542;11;19;5;;35
0543;172;179;24;12;387
0544;22;21;3;2;48
0545;197;343;65;22;627
0546;59;44;10;9;122
0547;151;166;46;16;379
0548;17;11;3;;31
0549;;;;;
0550;141;117;25;13;296
0551;86;89;21;4;200
0552;219;171;54;22;466
0553;183;253;51;14;501
0554;152;217;21;15;405
0555;4;4;2;;10
0556;4;4;1;2;11
0557;;;;;
0558;33;35;7;2;77
0559;40;44;4;6;94
0560;4;2;1;1;8
0561;11;13;6;1;31
0562;221;192;51;23;487
0563;123;119;23;11;276
0564;18;16;5;2;41
0565;2;4;;;6
0566;6;10;1;;17
0567;3;5;1;;9
0568;;;;;
0569;54;36;13;;103
0570;93;68;28;10;199
0571;188;184;25;12;409
0572;107;202;34;8;351
0573;192;166;41;16;415
0574;137;101;60;18;316
0575;203;358;102;12;675
0576;117;247;40;9;413
0577;127;207;47;12;393
0578;7;2;1;;10
0579;31;21;6;4;62
0580;17;12;3;1;33
0581;5;7;;2;14
0582;;;;;
0583;5;3;;;8
0584;9;13;1;1;24
0585;38;23;2;3;66
0586;130;41;;3;174
0587;101;20;;2;123
0588;65;50;13;4;132
0589;243;231;76;17;567
0590;5;;1;1;7
0591;66;60;8;5;139
0592;208;171;35;14;428
0593;;;;;
0594;134;171;23;5;333
0595;156;285;65;25;531
0596;106;78;9;8;201
0597;15;16;2;;33
0598;247;214;14;10;485
0599;;;;;
0600;10;10;2;;22
0601;;;;;
0602;;1;;;1
0603;95;73;18;3;189
0604;129;80;19;13;241
0605;;;;;
0606;;;;;
0607;;;;;
0608;77;93;24;5;199
0609;145;116;22;13;296
0610;148;113;15;6;282
0611;;;;;
0612;;;;;
0613;20;25;5;;50
0614;126;98;44;14;282
0615;120;119;24;9;272
0616;72;52;10;3;137
0617;74;79;20;6;179
0618;82;61;9;7;159
0619;141;118;30;11;300
0620;73;55;6;4;138
0621;;;;;
0622;;;;;
0623;19;15;2;1;37
0624;;;;;
0625;25;27;7;1;60
0626;98;81;15;10;204
0627;184;144;33;16;377
0628;;;;;
0629;50;27;16;6;99
0630;162;108;16;11;297
0631;;;;;
0632;84;58;26;10;178
0633;;;;;
0634;174;117;30;14;335
0635;60;40;11;3;114
0636;60;57;14;2;133
0637;217;192;36;17;462
0638;78;76;15;10;179
0639;6;8;1;1;16
0640;;;;;
0641;62;73;24;7;166
0642;35;44;7;2;88
0643;55;70;22;6;153
0644;70;94;26;6;196
0645;85;75;28;7;195
0646;139;113;35;13;300
0647;90;79;22;8;199
0648;1;;;;1
0649;110;83;20;7;220
0650;167;114;21;15;317
0651;165;130;18;14;327
0652;201;130;14;21;366
0653;9;11;3;2;25
0654;34;44;5;2;85
0655;16;15;5;2;38
0656;105;133;29;9;276
0657;154;211;55;16;436
0658;;;;;
0659;;;;;
0660;;;;;
0661;220;172;31;12;435
0662;173;202;48;7;430
0663;48;60;19;3;130
0664;57;91;22;4;174
0665;97;60;18;7;182
0666;87;53;8;5;153
0667;160;93;20;10;283
0668;64;60;16;4;144
0669;105;65;8;11;189
0670;117;56;11;12;196
0671;152;89;12;8;261
0672;174;105;15;10;304
0673;79;69;5;8;161
0674;105;107;19;12;243
0675;49;30;8;2;89
0676;55;69;21;7;152
0677;57;41;14;8;120
0678;;;;;
0679;67;32;6;4;109
0680;15;14;2;;31
0681;155;136;13;17;321
0682;60;35;5;3;103
0683;81;57;7;6;151
0684;157;127;17;12;313
0685;5;4;;;9
0686;33;28;4;5;70
0687;12;3;;;15
0688;7;11;;;18
0689;;;;;
0690;32;31;11;4;78
0691;35;36;6;2;79
0692;17;24;5;2;48
0693;58;43;5;4;110
0694;41;19;10;5;75
0695;50;33;5;5;93
0696;45;45;4;4;98
0697;60;50;7;7;124
0698;12;8;4;;24
0699;7;11;1;1;20
0700;1;;;;1
0701;159;179;20;3;361
0702;65;50;6;5;126
0703;33;27;6;2;68
0704;50;38;7;5;100
0705;138;125;26;10;299
0706;;;;;
0707;156;158;40;9;363
0708;82;36;8;2;128
0709;;;;;
0710;35;33;16;9;93
0711;54;83;23;5;165
0712;85;120;40;11;256
0713;78;50;9;3;140
0714;141;196;48;8;393
0715;176;140;44;12;372
0716;29;34;11;;74
0717;169;166;54;18;407
0718;75;70;23;6;174
0719;177;185;25;17;404
0720;69;56;14;4;143
0721;186;105;74;35;400
0722;93;63;54;25;235
0723;16;;;;16
0724;95;93;17;9;214
0725;84;71;9;4;168
0726;151;141;24;10;326
0727;140;94;17;5;256
0728;73;74;13;6;166
0729;53;34;13;8;108
0730;85;49;15;7;156
0731;70;51;13;9;143
0732;107;95;17;7;226
0733;143;89;16;5;253
0734;1;3;;;4
0735;168;188;47;13;416
0736;230;293;43;17;583
0737;28;42;10;4;84
0738;156;133;30;7;326
0739;13;10;1;1;25
0740;20;30;11;;61
0741;110;80;36;11;237
0742;112;77;31;12;232
0743;86;74;13;6;179
0744;24;37;11;;72
0745;210;189;46;9;454
0746;257;250;43;23;573
0747;115;130;29;6;280
0748;61;62;23;8;154
0749;80;84;22;4;190
0750;152;159;33;9;353
0751;41;37;7;;85
0752;50;105;35;7;197
0753;4;9;2;1;16
0754;135;121;24;8;288
0755;62;70;19;11;162
0756;;;;;
0757;;;;;
0758;258;267;57;21;603
0759;82;117;11;7;217
0760;180;158;67;14;419
0761;125;64;21;9;219
0762;;;;;
0763;;;;;
0764;222;190;36;14;462
0765;210;149;30;6;395
0766;156;111;32;12;311
0767;85;96;29;7;217
0768;55;80;7;;142
0769;;;;;
0770;114;69;13;5;201
0771;105;68;15;8;196
0772;67;51;18;6;142
0773;88;67;21;4;180
0774;127;89;22;9;247
0775;112;75;12;8;207
0776;93;79;14;5;191
0777;84;66;19;2;171
0778;82;92;15;1;190
0779;117;79;26;11;233
0780;207;181;45;18;451
0781;53;28;9;1;91
0782;21;17;2;2;42
0783;221;185;37;21;464
0784;29;17;4;1;51
0785;8;12;2;1;23
0786;199;274;50;22;545
0787;203;239;41;10;493
0788;52;55;5;5;117
0789;172;212;45;12;441
0790;170;272;46;11;499
0791;33;26;7;;66
0792;;;;;
0793;37;25;3;2;67
0794;45;55;13;4;117
0795;44;46;15;2;107
0796;78;66;13;3;160
0797;26;22;6;7;61
0798;139;199;36;20;394
0799;15;25;1;;41
0800;10;20;1;;31
0801;50;83;7;5;145
0802;89;91;5;5;190
0803;99;104;24;5;232
0804;91;113;21;6;231
0805;67;92;18;5;182
0806;144;145;43;15;347
0807;45;68;17;3;133
0808;95;89;17;13;214
0809;122;134;35;15;306
0810;83;84;19;5;191
0811;30;51;7;;88
0812;48;77;12;1;138
0813;89;67;10;4;170
0814;97;112;21;10;240
0815;200;296;47;13;556
0816;312;378;106;32;828
0817;;;;;
0818;206;233;65;24;528
0819;37;54;11;;102
0820;77;83;13;6;179
0821;54;74;17;4;149
0822;;;;;
0823;31;41;17;4;93
0824;118;103;47;12;280
0825;53;41;16;5;115
0826;68;83;35;3;189
0827;52;75;24;8;159
0828;34;48;15;2;99
0829;85;94;37;6;222
0830;71;68;25;8;172
0831;108;119;7;10;244
0832;;;;;
0833;50;44;2;3;99
0834;69;51;13;4;137
0835;121;108;22;5;256
0836;78;68;14;7;167
0837;49;68;16;4;137
0838;64;60;30;5;159
0839;168;137;41;14;360
0840;32;47;13;5;97
0841;50;48;17;9;124
0842;64;57;23;12;156
0843;;;;;
0844;122;134;42;18;316
0845;69;61;23;9;162
0846;;;;;
0847;51;54;14;3;122
0848;35;41;11;;87
0849;188;189;81;23;481
0850;26;39;5;;70
0851;100;225;64;9;398
0852;157;270;66;11;504
0853;233;244;52;21;550
0854;63;140;33;1;237
0855;84;147;38;6;275
0856;83;141;21;8;253
0857;82;169;52;6;309
0858;236;301;48;10;595
0859;112;236;35;17;400
0860;40;57;12;2;111
0861;28;43;20;1;92
0862;146;161;36;6;349
0863;149;152;29;8;338
0864;1;;;;1
0865;107;114;30;17;268
0866;170;176;37;15;398
0867;21;32;9;1;63
0868;190;269;63;16;538
0869;121;154;34;11;320
0870;117;127;30;7;281
0871;40;35;11;4;90
0872;57;53;13;2;125
0873;95;103;18;8;224
0874;69;129;36;4;238
0875;65;81;21;7;174
0876;41;39;15;4;99
0877;30;35;5;1;71
0878;73;58;11;5;147
0879;124;140;10;8;282
0880;46;37;2;2;87
0881;56;49;16;5;126
0882;;;;;
0883;1;;;;1
0884;;;;;
0885;16;10;;1;27
0886;1;2;;;3
0887;;;;;
0888;153;138;25;12;328
0889;;;;;
0890;;;;;
0891;22;33;7;2;64
0892;11;13;2;;26
0893;16;19;1;;36
0894;6;10;1;;17
0895;;;;;
0896;60;68;18;6;152
0897;7;14;3;1;25
0898;107;121;19;2;249
0899;113;93;17;5;228
0900;26;30;6;3;65
0901;123;115;39;11;288
0902;224;284;71;14;593
0903;186;248;46;22;502
0904;165;124;22;3;314
0905;168;152;40;18;378
0906;232;239;61;26;558
0907;75;89;25;8;197
0908;362;325;40;24;751
0909;90;82;16;3;191
0910;162;157;30;6;355
0911;165;177;44;11;397
0912;418;399;42;31;890
0913;123;92;18;9;242
0914;55;36;7;4;102
0915;43;27;4;2;76
0916;28;19;3;4;54
0917;238;224;42;8;512
0918;200;164;41;16;421
0919;178;180;37;17;412
0920;130;135;32;9;306
0921;260;278;45;19;602
0922;228;239;39;11;517
0923;175;138;43;14;370
0924;44;62;12;7;125
0925;32;26;6;6;70
0926;78;57;30;12;177
0927;209;183;14;19;425
0928;207;208;34;15;464
0929;47;54;13;;114
0930;181;327;57;9;574
0931;135;155;32;6;328
0932;91;118;22;7;238
0933;27;10;1;;38
0934;7;12;1;1;21
0935;15;15;1;2;33
0936;6;5;1;;12
0937;28;23;1;2;54
0938;14;17;2;;33
0939;;;;;
0940;14;12;2;1;29
0941;6;8;2;1;17
0942;5;4;3;2;14
0943;;;;;
0944;5;4;2;1;12
0945;24;27;1;4;56
0946;17;19;3;;39
0947;;;;;
0948;72;61;12;6;151
0949;19;8;;;27
0950;;;;;
0951;13;10;1;;24
0952;20;42;9;4;75
0953;;;;;
0954;;;;;
0955;2;2;2;;6
0956;;;;;
0957;4;8;;2;14
0958;13;12;1;1;27
0959;4;6;;;10
0960;;;;;
0961;;;;;
0962;3;4;1;;8
0963;;;;;
0964;;2;;;2
0965;;;;;
0966;196;213;55;32;496
0967;27;43;13;2;85
0968;;;;;
0969;113;129;30;7;279
0970;77;65;11;5;158
0971;111;128;21;6;266
0972;;;;;
0973;;;;;
0974;;1;;;1
0975;;;;;
0976;;;;;
0977;;;;;
0978;49;49;1;2;101
0979;130;106;15;8;259
0980;67;71;19;10;167
0981;7;6;1;;14
0982;105;72;5;6;188
0983;44;27;4;3;78
0984;159;140;10;8;317
0985;139;160;34;9;342
0986;154;112;17;9;292
0987;19;23;3;2;47
0988;142;160;23;5;330
0989;50;39;9;2;100
0990;155;165;25;5;350
0991;180;170;23;7;380
0992;169;112;31;18;330
0993;;;;;
0994;78;43;2;5;128
0995;125;152;33;10;320
0996;;2;;;2
0997;102;135;35;6;278
0998;118;109;57;30;314
0999;120;106;14;13;253
1000;98;107;12;6;223
1001;186;113;75;33;407
1002;133;104;53;20;310
1003;149;165;38;14;366
1004;189;187;34;14;424
1005;156;128;39;13;336
1006;146;134;34;10;324
1007;156;126;48;19;349
1008;63;63;15;5;146
1009;;;;;
1010;94;56;23;5;178
1011;37;31;8;;76
1012;;1;;;1
1013;97;103;18;14;232
1014;37;63;16;7;123
1015;212;201;53;15;481
1016;159;161;28;12;360
1017;110;77;19;5;211
1018;76;59;10;5;150
1019;22;30;8;1;61
1020;33;25;6;2;66
1021;55;40;19;3;117
1022;48;46;5;2;101
1023;56;47;7;8;118
1024;216;170;41;18;445
1025;;;;;
1026;;;;;
1027;28;17;3;3;51
1028;237;207;53;12;509
1029;236;164;47;18;465
1030;;;;;
1031;71;50;30;7;158
1032;178;142;51;8;379
1033;166;152;51;9;378
1034;36;32;6;1;75
1035;74;64;23;3;164
1036;52;42;9;2;105
1037;112;69;20;4;205
1038;88;89;33;11;221
1039;;;;;
1040;48;35;25;16;124
1041;313;269;73;19;674
1042;214;147;58;31;450
1043;141;101;28;15;285
1044;81;96;13;2;192
1045;;;;;
1046;45;44;10;2;101
1047;52;56;13;4;125
1048;;;;;
1049;24;31;5;1;61
1050;4;2;13;2;21
1051;35;8;;1;44
1052;159;173;46;5;383
1053;28;34;11;2;75
1054;207;155;55;27;444
1055;148;142;45;7;342
1056;124;103;29;15;271
1057;151;64;46;18;279
1058;57;45;31;7;140
1059;13;14;4;2;33
1060;77;88;13;4;182
1061;159;121;22;14;316
1062;28;31;4;1;64
1063;13;16;9;1;39
1064;213;216;42;22;493
1065;59;94;19;4;176
1066;108;135;38;10;291
1067;55;41;12;3;111
1068;130;130;34;9;303
1069;23;28;14;;65
1070;175;121;40;10;346
1071;194;166;29;17;406
1072;5;2;3;;10
1073;30;27;6;1;64
1074;119;152;21;7;299
1075;33;18;2;3;56
1076;2;4;1;2;9
1077;144;165;50;5;364
1078;;;;;
1079;170;243;66;13;492
1080;;;;;
1081;190;342;80;8;620
1082;58;65;11;2;136
1083;16;26;11;2;55
1084;2;;;;2
1085;2;1;;;3
1086;294;331;35;22;682
1087;3;2;;;5
1088;;;;;
1089;46;36;13;5;100
1090;166;332;67;14;579
1091;258;289;68;30;645
1092;307;380;37;29;753
1093;145;130;29;12;316
1094;;;;;
1095;;;;;
1096;;;;;
1097;196;239;89;15;539
1098;193;153;37;12;395
1099;132;77;24;8;241
1100;4;2;;;6
1101;164;262;38;16;480
1102;176;198;36;4;414
1103;;;;;
1104;140;157;70;26;393
1105;157;117;45;3;322
1106;122;121;37;8;288
1107;171;219;61;23;474
1108;78;147;17;10;252
1109;74;86;17;8;185
1110;;6;2;;8
1111;7;17;;2;26
1112;88;14;1;1;104
1113;21;16;2;3;42
1114;29;11;;;40
1115;3;2;1;;6
1116;16;17;2;;35
1117;;;;;
1118;6;10;2;1;19
1119;31;7;4;1;43
1120;18;17;3;2;40
1121;;;;;
1122;;;;;
1123;2;4;;;6
1124;;;;;
1125;4;3;;;7
1126;4;2;;;6
1127;;;;;
1128;27;6;2;;35
1129;;;;;
1130;6;7;3;;16
1131;;;;;
1132;130;133;28;7;298
1133;;;;;
1134;15;16;1;2;34
1135;10;;;;10
1136;260;228;34;13;535
1137;42;50;8;1;101
1138;108;85;17;14;224
1139;174;146;18;16;354
1140;21;25;6;2;54
1141;14;16;1;5;36
1142;11;7;;;18
1143;84;73;10;5;172
1144;50;47;15;4;116
1145;119;112;16;10;257
1146;25;27;7;4;63
1147;55;54;9;1;119
1148;239;239;62;32;572
1149;12;15;2;2;31
1150;8;11;;1;20
1151;89;79;15;5;188
1152;137;130;24;8;299
1153;32;20;4;4;60
1154;97;100;10;4;211
1155;105;115;18;8;246
1156;137;158;28;10;333
1157;8;10;1;;19
1158;29;25;1;2;57
1159;4;9;2;1;16
1160;;;;;
1161;;;;;
1162;532;469;41;34;1.076
1163;31;28;3;;62
1164;33;27;7;;67
1165;108;106;13;10;237
1166;53;43;18;6;120
1167;65;72;11;1;149
1168;35;23;9;5;72
1169;38;39;5;3;85
1170;139;136;22;13;310
1171;41;30;3;4;78
1172;59;57;10;5;131
1173;25;31;4;1;61
1174;47;54;8;1;110
1175;90;18;3;2;113
1176;30;25;4;3;62
1177;20;11;1;1;33
1178;13;6;1;1;21
1179;18;22;2;1;43
1180;;;;;
1181;56;54;4;3;117
1182;7;14;2;1;24
1183;17;19;2;2;40
1184;6;19;1;;26
1185;5;4;;2;11
1186;7;4;2;1;14
1187;49;47;6;7;109
1188;70;66;8;4;148
1189;;;;;
1190;44;54;3;3;104
1191;24;24;1;1;50
1192;12;16;2;3;33
1193;14;8;1;3;26
1194;2;1;;;3
1195;;4;;;4
1196;10;2;;1;13
1197;21;5;;1;27
1198;2;3;;;5
1199;5;10;;;15
1200;21;31;2;5;59
1201;16;15;2;2;35
1202;19;20;2;1;42
1203;29;30;1;2;62
1204;12;6;1;3;22
1205;19;12;1;3;35
1206;21;14;1;1;37
1207;42;49;8;5;104
1208;;;;;
1209;11;18;1;1;31
1210;23;9;7;1;40
1211;12;4;1;5;22
1212;19;23;9;5;56
1213;72;44;1;10;127
1214;34;14;4;5;57
1215;13;3;;1;17
1216;69;73;8;3;153
1217;1;4;;;5
1218;72;49;18;4;143
1219;23;18;4;;45
1220;;;;;
1221;;;;;
1222;54;60;8;9;131
1223;64;48;14;3;129
1224;19;15;4;4;42
1225;28;14;2;3;47
1226;13;11;1;2;27
1227;45;54;8;5;112
1228;52;62;15;9;138
1229;64;54;11;8;137
1230;101;72;9;6;188
1231;66;63;7;6;142
1232;130;105;11;12;258
1233;206;154;31;13;404
1234;103;77;7;5;192
1235;128;126;26;9;289
1236;127;59;7;11;204
1237;134;86;17;14;251
1238;117;81;17;13;228
1239;129;93;8;10;240
1240;142;95;25;10;272
1241;135;129;32;9;305
1242;;;;;
1243;27;29;2;1;59
1244;;;;;
1245;225;193;24;27;469
1246;89;84;18;12;203
1247;19;12;4;1;36
1248;35;21;2;2;60
1249;5;8;;;13
1250;12;11;;;23
1251;13;13;5;1;32
1252;;;;;
1253;;;;;
1254;17;20;1;1;39
1255;26;17;2;3;48
1256;77;57;15;4;153
1257;16;14;3;1;34
1258;23;15;2;1;41
1259;78;72;14;8;172
1260;21;20;;3;44
1261;96;75;11;13;195
1262;20;22;5;4;51
1263;64;41;11;9;125
1264;219;125;9;20;373
1265;25;16;1;4;46
1266;6;4;2;;12
1267;22;21;7;2;52
1268;161;103;26;10;300
1269;154;111;20;12;297
1270;181;129;30;12;352
1271;133;91;16;10;250
1272;211;102;13;10;336
1273;121;78;9;7;215
1274;212;178;24;15;429
1275;182;94;15;14;305
1276;178;146;28;11;363
1277;156;102;25;10;293
1278;91;64;5;7;167
1279;115;83;12;4;214
1280;143;81;16;14;254
1281;166;62;16;10;254
1282;69;29;4;2;104
1283;12;6;1;1;20
1284;165;86;26;14;291
1285;121;101;13;7;242
1286;27;28;3;3;61
1287;34;47;8;1;90
1288;95;55;20;6;176
1289;166;89;18;14;287
1290;40;37;13;3;93
1291;5;14;2;1;22
1292;;;;;
1293;43;33;3;10;89
1294;190;95;18;14;317
1295;98;58;15;10;181
1296;157;138;31;12;338
1297;6;;;;6
1298;35;19;3;3;60
1299;;;;;
1300;236;179;36;16;467
1301;86;94;24;7;211
1302;41;44;5;2;92
1303;229;203;40;23;495
1304;139;135;22;11;307
1305;242;183;33;17;475
1306;;;;;
1307;84;103;27;6;220
1308;120;67;20;5;212
1309;66;43;8;7;124
1310;85;96;20;10;211
1311;106;98;21;7;232
1312;144;115;13;16;288
1313;209;132;30;7;378
1314;243;202;67;9;521
1315;122;126;35;12;295
1316;15;20;9;1;45
1317;52;73;13;9;147
1318;49;20;3;8;80
1319;133;137;31;6;307
1320;14;25;6;2;47
1321;45;39;12;;96
1322;34;33;14;5;86
1323;52;35;10;4;101
1324;80;84;13;8;185
1325;100;105;34;8;247
1326;27;35;1;3;66
1327;23;40;5;2;70
1328;;;;;
1329;108;102;19;10;239
1330;78;71;17;4;170
1331;163;147;47;13;370
1332;147;162;55;12;376
1333;77;89;16;3;185
1334;116;116;28;7;267
1335;64;57;12;2;135
1336;49;69;10;3;131
1337;233;243;56;23;555
1338;174;205;33;9;421
1339;210;236;51;14;511
1340;46;52;7;1;106
1341;49;50;14;3;116
1342;45;43;12;2;102
1343;69;79;17;7;172
1344;141;115;23;1;280
1345;34;43;9;4;90
1346;40;31;4;2;77
1347;125;119;22;10;276
1348;104;96;16;6;222
1349;92;95;25;10;222
1350;213;250;57;26;546
1351;151;140;49;12;352
1352;;;;;
1353;;;;;
1354;124;121;19;7;271
1355;136;122;24;12;294
1356;;;;;
1357;43;35;11;2;91
1358;70;47;4;8;129
1359;35;2;;;37
1360;61;72;7;6;146
1361;110;105;19;12;246
1362;20;8;2;1;31
1363;28;37;4;1;70
1364;51;54;7;3;115
1365;104;89;12;7;212
1366;55;56;21;8;140
1367;58;78;21;3;160
1368;52;73;16;8;149
1369;57;56;18;4;135
1370;157;168;51;18;394
1371;130;126;40;12;308
1372;230;198;81;24;533
1373;230;224;67;23;544
1374;77;99;15;5;196
1375;163;219;58;18;458
1376;27;36;7;;70
1377;;;;;
1378;114;114;15;6;249
1379;60;59;9;3;131
1380;;;;;
1381;15;11;4;1;31
1382;25;38;12;2;77
1383;83;90;10;5;188
1384;50;47;25;2;124
1385;31;34;8;2;75
1386;114;125;15;5;259
1387;56;51;2;2;111
1388;46;41;11;;98
1389;28;22;2;5;57
1390;194;249;51;22;516
1391;226;196;48;19;489
1392;79;102;18;7;206
1393;78;62;14;8;162
1394;53;57;11;3;124
1395;26;27;8;1;62
1396;6;13;;2;21
1397;44;36;5;2;87
1398;118;110;35;12;275
1399;16;2;;;18
1400;49;51;16;4;120
1401;98;115;18;7;238
1402;93;79;12;8;192
1403;164;162;42;11;379
1404;2;2;;;4
1405;28;45;11;2;86
1406;51;69;11;5;136
1407;61;80;14;2;157
1408;121;116;26;9;272
1409;;;;;
1410;42;49;16;2;109
1411;65;70;16;1;152
1412;;;;;
1413;232;264;58;9;563
1414;217;193;50;23;483
1415;19;18;1;;38
1416;40;64;7;3;114
1417;;2;;;2
1418;88;82;10;5;185
1419;103;83;7;3;196
1420;69;79;14;4;166
1421;85;102;23;11;221
1422;82;68;12;9;171
1423;102;114;43;9;268
1424;132;134;40;9;315
1425;44;43;15;4;106
1426;231;229;44;28;532
1427;21;15;7;3;46
1428;;;;;
1429;50;33;13;6;102
1430;67;72;19;6;164
1431;51;43;10;2;106
1432;68;50;16;2;136
1433;43;58;21;6;128
1434;81;61;20;7;169
1435;20;24;6;1;51
1436;16;18;4;1;39
1437;29;35;4;3;71
1438;47;52;5;5;109
1439;43;34;8;6;91
1440;142;100;32;15;289
1441;234;276;69;25;604
1442;67;98;14;4;183
1443;66;66;18;1;151
1444;53;59;8;6;126
1445;92;87;7;10;196
1446;82;121;22;4;229
1447;91;65;13;6;175
1448;70;75;13;5;163
1449;227;123;8;14;372
1450;;;;;
1451;;;;;
1452;;;;;
1453;14;13;3;;30
1454;;;;;
1455;37;32;5;4;78
1456;9;1;;;10
1457;5;5;1;;11
1458;7;9;2;1;19
1459;;;;;
1460;132;112;18;9;271
1461;79;36;7;3;125
1462;113;74;13;5;205
1463;222;160;37;9;428
1464;126;137;35;9;307
1465;139;148;27;6;320
1466;141;91;14;9;255
1467;126;102;24;9;261
1468;216;196;58;13;483
1469;;;;;
1470;42;42;12;5;101
1471;39;35;9;2;85
1472;2;2;;;4
1473;80;40;9;5;134
1474;48;45;5;2;100
1475;43;28;10;3;84
1476;66;51;6;9;132
1477;148;77;22;13;260
1478;149;79;13;10;251
1479;195;110;7;11;323
1480;188;92;19;16;315
1481;127;84;16;5;232
1482;162;91;12;5;270
1483;168;96;13;16;293
1484;61;46;7;4;118
1485;79;27;7;7;120
1486;159;122;17;23;321
1487;34;25;2;2;63
1488;46;20;5;5;76
1489;33;35;5;2;75
1490;51;32;4;3;90
1491;32;20;5;1;58
1492;32;35;6;2;75
1493;107;66;12;7;192
1494;27;15;1;3;46
1495;2;2;;;4
1496;84;64;4;1;153
1497;104;64;11;4;183
1498;26;22;1;6;55
1499;;;;;
1500;;;;;
1501;99;61;10;6;176
1502;4;4;;;8
1503;91;53;20;12;176
1504;;;;;
1505;5;1;;;6
1506;42;38;9;5;94
1507;36;22;5;3;66
1508;25;15;8;2;50
1509;10;4;;;14
1510;19;15;;1;35
1511;25;23;2;4;54
1512;28;12;1;5;46
1513;;;;;
1514;9;2;1;1;13
1515;15;3;1;;19
1516;20;17;2;1;40
1517;5;;;;5
1518;39;33;1;;73
1519;22;10;;;32
1520;29;23;4;1;57
1521;2;3;;;5
1522;182;105;21;18;326
1523;25;9;1;;35
1524;16;10;;2;28
1525;151;107;13;14;285
1526;37;37;6;4;84
1527;166;132;20;13;331
1528;95;56;12;8;171
1529;3;;;;3
1530;68;31;9;4;112
1531;102;63;12;3;180
1532;105;65;8;9;187
1533;87;41;9;8;145
1534;82;34;2;6;124
1535;166;88;22;13;289
1536;;;;;
1537;120;52;3;2;177
1538;1;;;;1
1539;;;;;
1540;28;14;5;1;48
1541;16;4;3;4;27
1542;97;72;18;8;195
1543;6;5;;;11
1544;57;51;5;5;118
1545;79;87;9;9;184
1546;27;37;7;2;73
1547;69;34;11;4;118
1548;153;113;7;18;291
1549;141;108;19;6;274
1550;256;122;21;11;410
1551;216;124;22;16;378
1552;109;58;7;9;183
1553;;;;;
1554;269;165;31;18;483
1555;120;74;20;8;222
1556;214;141;26;16;397
1557;114;57;10;4;185
1558;203;224;60;11;498
1559;;;;;
1560;115;113;13;7;248
1561;135;74;21;8;238
1562;136;118;34;6;294
1563;76;84;14;7;181
1564;38;28;6;3;75
1565;22;18;3;1;44
1566;47;45;5;4;101
1567;97;61;14;8;180
1568;6;;;;6
1569;81;53;8;;142
1570;50;50;9;3;112
1571;35;18;18;6;77
1572;67;49;10;11;137
1573;17;8;2;;27
1574;103;66;12;15;196
1575;17;1;1;;19
1576;116;107;13;9;245
1577;28;26;5;4;63
1578;;;;;
1579;276;203;28;16;523
1580;56;48;8;1;113
1581;42;55;7;;104
1582;62;46;9;5;122
1583;228;177;35;15;455
1584;142;110;18;7;277
1585;75;46;12;3;136
1586;84;108;39;18;249
1587;79;111;40;13;243
1588;41;32;8;6;87
1589;108;53;13;5;179
1590;49;35;5;2;91
1591;156;148;53;20;377
1592;78;69;14;7;168
1593;;;;;
1594;105;81;7;6;199
1595;42;26;9;1;78
1596;38;37;6;2;83
1597;39;31;6;3;79
1598;123;61;28;12;224
1599;107;59;23;14;203
1600;170;91;22;5;288
1601;102;148;50;17;317
1602;196;120;93;41;450
1603;180;151;15;18;364
1604;;;;;
1605;19;;;;19
1606;;;;;
1607;120;103;12;4;239
1608;132;106;49;24;311
1609;11;4;1;1;17
1610;41;46;14;3;104
1611;208;161;26;14;409
1612;22;14;3;1;40
1613;72;45;8;4;129
1614;88;84;19;4;195
1615;92;48;10;5;155
1616;168;141;35;18;362
1617;39;27;7;1;74
1618;119;121;29;9;278
1619;19;14;2;1;36
1620;35;56;9;1;101
1621;60;41;14;3;118
1622;38;33;3;5;79
1623;48;33;5;4;90
1624;20;29;4;;53
1625;17;30;4;2;53
1626;25;44;5;1;75
1627;172;116;30;10;328
1628;;;;;
1629;33;21;4;;58
1630;67;84;22;4;177
1631;112;90;14;11;227
1632;215;209;52;12;488
1633;131;102;17;9;259
1634;33;14;77;9;133
1635;164;115;30;9;318
1636;129;96;22;8;255
1637;147;168;36;7;358
1638;122;94;29;11;256
1639;72;66;9;3;150
1640;41;33;8;2;84
1641;50;49;13;1;113
1642;100;93;20;11;224
1643;116;117;19;7;259
1644;113;116;23;6;258
1645;25;21;4;1;51
1646;91;130;36;13;270
1647;;;;;
1648;79;66;17;2;164
1649;101;77;11;4;193
1650;107;94;22;6;229
1651;96;91;26;13;226
1652;47;49;14;5;115
1653;165;155;41;10;371
1654;121;102;19;7;249
1655;81;89;22;7;199
1656;116;121;24;8;269
1657;120;112;31;6;269
1658;118;110;30;11;269
1659;19;21;4;2;46
1660;101;113;17;6;237
1661;38;23;5;3;69
1662;31;28;7;1;67
1663;;;;;
1664;31;22;1;2;56
1665;8;17;1;;26
1666;23;20;1;3;47
1667;;;;;
1668;;;;;
1669;3;5;;;8
1670;;;;;
1671;;;;;
1672;;;;;
1673;1;2;1;;4
1674;15;14;1;;30
1675;23;15;;;38
1676;78;78;7;1;164
1677;;;;;
1678;;;;;
1679;31;33;17;5;86
1680;22;27;7;;56
1681;4;7;3;3;17
1682;59;43;4;2;108
1683;;;;;
1684;;;;;
1685;4;11;;;15
1686;1;;;;1
1687;510;666;59;41;1.276
1688;67;68;7;3;145
1689;228;298;31;13;570
1690;2;4;;;6
1691;2;6;;;8
1692;;;;;
1693;4;;;;4
1694;;;;;
1695;;;;;
1696;7;12;2;3;24
1697;4;1;1;;6
1698;2;2;2;;6
1699;64;43;3;1;111
1700;;1;;;1
1701;2;4;;;6
1702;1;3;;;4
1703;4;2;1;;7
1704;2;4;;;6
1705;8;13;;3;24
1706;2;;1;2;5
1707;;;;;
1708;;;;;
1709;2;3;;;5
1710;1;2;;;3
1711;1;3;;;4
1712;3;2;;;5
1713;;;;;
1714;21;18;1;;40
1715;4;10;;;14
1716;1;2;;;3
1717;5;11;4;;20
1718;;;1;1;2
1719;11;9;;1;21
1720;40;30;7;3;80
1721;60;67;10;6;143
1722;241;279;74;21;615
1723;41;41;9;6;97
1724;93;81;16;4;194
1725;192;246;51;12;501
1726;54;62;12;8;136
1727;94;98;15;8;215
1728;87;100;22;8;217
1729;51;41;8;4;104
1730;99;105;23;9;236
1731;141;111;36;9;297
1732;;;;;
1733;18;18;3;1;40
1734;17;13;4;2;36
1735;;;;;
1736;;;;;
1737;;;;;
1738;57;45;10;1;113
1739;87;93;19;6;205
1740;11;5;3;;19
1741;81;43;7;10;141
1742;256;157;25;21;459
1743;13;18;2;1;34
1744;158;142;33;6;339
1745;290;329;55;13;687
1746;38;18;4;2;62
1747;298;286;43;35;662
1748;83;50;3;4;140
1749;438;395;63;31;927
1750;234;264;77;19;594
1751;1;;;;1
1752;22;38;9;2;71
1753;27;16;3;;46
1754;270;262;10;22;564
1755;7;19;1;1;28
1756;219;115;11;7;352
1757;18;29;10;1;58
1758;12;15;1;1;29
1759;12;31;6;1;50
1760;89;119;19;6;233
1761;6;4;;;10
1762;9;13;;1;23
1763;36;45;5;3;89
1764;2;7;1;;10
1765;;;;;
1766;55;28;1;4;88
1767;;;;;
1768;;;;;
1769;262;152;37;13;464
1770;207;131;17;15;370
1771;29;34;8;1;72
1772;152;112;30;15;309
1773;;;;;
1774;81;45;15;12;153
1775;;;;;
1776;156;220;42;9;427
1777;81;97;30;8;216
1778;10;24;6;;40
1779;27;32;7;1;67
1780;8;7;2;2;19
1781;;;;;
1782;1;;;;1
1783;25;45;13;1;84
1784;;;;;
1785;6;14;3;1;24
1786;68;72;8;8;156
1787;119;134;39;12;304
1788;138;170;31;14;353
1789;86;80;18;8;192
1790;30;30;6;2;68
1791;92;72;31;6;201
1792;193;179;47;15;434
1793;184;188;37;14;423
1794;63;60;13;1;137
1795;169;139;41;13;362
1796;73;61;18;4;156
1797;182;133;37;11;363
1798;61;32;11;6;110
1799;92;59;14;7;172
1800;64;49;9;5;127
1801;9;22;4;1;36
1802;14;31;2;;47
1803;22;20;3;4;49
1804;76;119;37;7;239
1805;137;171;43;6;357
1806;220;188;50;25;483
1807;45;57;5;6;113
1808;33;63;20;3;119
1809;15;28;12;5;60
1810;;1;;;1
1811;138;135;19;16;308
1812;25;21;3;;49
1813;36;25;8;3;72
1814;114;69;14;6;203
1815;256;197;40;16;509
1816;80;81;26;4;191
1817;46;33;5;2;86
1818;158;103;32;12;305
1819;2;2;;;4
1820;79;67;10;5;161
1821;93;57;23;4;177
1822;29;19;6;1;55
1823;;;;;
1824;160;176;53;14;403
1825;87;60;36;10;193
1826;23;6;6;1;36
1827;45;34;11;2;92
1828;4;4;1;;9
1829;130;98;47;17;292
1830;76;67;37;19;199
1831;97;88;23;6;214
1832;120;100;34;11;265
1833;121;112;31;15;279
1834;110;118;23;10;261
1835;72;47;10;6;135
1836;154;136;49;11;350
1837;218;151;24;15;408
1838;143;135;53;9;340
1839;27;35;12;2;76
1840;;;;;
1841;10;13;1;;24
1842;130;109;32;9;280
1843;76;64;17;4;161
1844;75;66;17;6;164
1845;136;152;41;15;344
1846;146;182;24;7;359
1847;94;88;16;3;201
1848;72;57;11;6;146
1849;211;167;37;14;429
1850;84;102;14;4;204
1851;139;119;16;10;284
1852;262;302;48;9;621
1853;132;102;27;7;268
1854;;;1;;1
1855;61;49;12;1;123
1856;82;57;12;4;155
1857;26;24;5;2;57
1858;45;28;8;;81
1859;144;140;31;8;323
1860;174;133;47;11;365
1861;191;190;30;11;422
1862;35;41;5;1;82
1863;48;48;8;1;105
1864;18;24;5;1;48
1865;17;18;6;;41
1866;33;41;21;3;98
1867;109;118;9;12;248
1868;222;164;28;18;432
1869;16;25;3;1;45
1870;97;116;16;6;235
1871;60;51;7;7;125
1872;77;58;18;9;162
1873;121;106;26;6;259
1874;82;86;14;8;190
1875;97;97;23;5;222
1876;112;122;27;9;270
1877;215;297;40;19;571
1878;44;44;6;8;102
1879;19;21;6;3;49
1880;272;285;62;22;641
1881;86;76;12;2;176
1882;49;65;4;7;125
1883;25;23;1;3;52
1884;98;108;19;6;231
1885;1;4;;;5
1886;85;63;13;4;165
1887;90;76;19;14;199
1888;11;12;;;23
1889;28;37;1;1;67
1890;40;42;13;5;100
1891;60;69;8;5;142
1892;2;6;1;;9
1893;45;71;8;7;131
1894;5;10;;1;16
1895;9;9;4;;22
1896;31;43;5;1;80
1897;11;13;2;;26
1898;65;103;12;6;186
1899;101;119;19;8;247
1900;11;7;1;1;20
1901;29;29;2;;60
1902;276;300;58;30;664
1903;;;;;
1904;27;18;2;3;50
1905;107;121;23;7;258
1906;172;167;32;5;376
1907;136;154;21;9;320
1908;13;7;1;1;22
1909;25;30;7;2;64
1910;;2;;;2
1911;8;1;;2;11
1912;3;2;;;5
1913;10;13;3;;26
1914;55;35;5;2;97
1915;1;2;;;3
1916;14;19;5;;38
1917;44;30;3;;77
1918;3;2;;;5
1919;12;9;2;1;24
1920;4;6;1;1;12
1921;6;4;;;10
1922;4;6;;;10
1923;4;1;1;;6
1924;3;7;1;;11
1925;31;18;4;2;55
1926;27;28;4;2;61
1927;14;6;2;;22
1928;;;;;
1929;1;;;;1
1930;16;11;3;2;32
1931;13;8;3;;24
1932;208;170;27;8;413
1933;205;173;33;11;422
1934;157;157;37;11;362
1935;167;147;31;12;357
1936;103;90;13;5;211
1937;267;165;52;24;508
1938;241;143;37;13;434
1939;173;85;19;14;291
1940;170;96;14;14;294
1941;163;115;17;9;304
1942;188;135;26;20;369
1943;135;83;15;8;241
1944;211;122;18;12;363
1945;226;139;25;10;400
1946;21;19;8;5;53
1947;28;35;2;2;67
1948;37;18;6;3;64
1949;64;61;19;3;147
1950;106;97;17;8;228
1951;71;67;16;7;161
1952;11;17;;1;29
1953;7;13;1;1;22
1954;;;;;
1955;61;30;14;3;108
1956;142;72;10;17;241
1957;4;9;1;1;15
1958;17;12;;3;32
1959;47;43;10;6;106
1960;12;7;;;19
1961;1;4;;;5
1962;59;48;7;1;115
1963;;;;;
1964;39;32;4;4;79
1965;24;10;4;;38
1966;19;14;2;3;38
1967;30;8;2;2;42
1968;61;42;9;1;113
1969;57;32;7;8;104
1970;48;24;5;4;81
1971;26;27;5;3;61
1972;45;34;17;3;99
1973;196;97;56;24;373
1974;139;122;12;12;285
1975;205;161;38;12;416
1976;6;7;1;;14
1977;48;25;5;5;83
1978;165;89;19;10;283
1979;202;78;28;27;335
1980;196;147;16;11;370
1981;;;;;
1982;218;161;18;12;409
1983;68;44;5;4;121
1984;138;109;10;4;261
1985;159;97;23;10;289
1986;167;93;13;16;289
1987;1;;2;;3
1988;132;92;14;6;244
1989;9;7;1;;17
1990;48;33;4;4;89
1991;65;49;6;5;125
1992;220;185;40;13;458
1993;55;31;9;4;99
1994;93;48;9;9;159
1995;77;32;6;3;118
1996;26;1;4;4;35
1997;22;16;1;3;42
1998;10;11;;;21
1999;5;5;1;1;12
2000;116;59;9;7;191
2001;12;4;;1;17
2002;64;132;35;4;235
2003;10;6;;;16
2004;376;352;28;27;783
2005;4;6;27;;37
2006;188;253;69;9;519
2007;162;220;47;10;439
2008;126;233;63;5;427
2009;195;298;73;10;576
2010;122;243;37;10;412
2011;92;192;34;2;320
2012;162;227;41;12;442
2013;162;236;49;10;457
2014;135;282;44;12;473
2015;143;221;42;15;421
2016;75;170;43;6;294
2017;;;;;
2018;421;527;148;51;1.147
2019;19;5;;;24
2020;237;253;43;13;546
2021;114;77;10;2;203
2022;130;76;28;16;250
2023;33;23;9;3;68
2024;14;11;2;;27
2025;267;225;53;14;559
2026;25;31;9;1;66
2027;105;133;30;10;278
2028;208;209;49;19;485
2029;;;;;
2030;163;157;40;10;370
2031;177;182;44;17;420
2032;18;36;12;2;68
2033;212;252;42;12;518
2034;88;194;22;6;310
2035;102;176;24;11;313
2036;47;27;4;5;83
2037;115;198;49;9;371
2038;112;253;21;7;393
2039;107;159;19;4;289
2040;203;286;62;23;574
2041;81;106;33;5;225
2042;;;;;
2043;63;78;27;5;173
2044;45;61;26;2;134
2045;26;24;11;8;69
2046;;;;;
2047;163;182;56;15;416
2048;74;60;21;4;159
2049;28;35;7;4;74
2050;101;109;28;11;249
2051;65;19;1;1;86
2052;;;;;
2053;5;4;;;9
2054;156;110;22;10;298
2055;49;38;6;3;96
2056;61;60;10;7;138
2057;60;57;13;1;131
2058;70;80;11;3;164
2059;129;98;29;4;260
2060;31;19;11;;61
2061;18;18;10;3;49
2062;53;40;8;2;103
2063;160;136;31;13;340
2064;109;115;27;6;257
2065;45;60;14;5;124
2066;67;95;14;2;178
2067;93;100;21;7;221
2068;164;151;24;8;347
2069;115;124;21;6;266
2070;250;221;49;20;540
2071;92;163;30;12;297
2072;;;;;
2073;84;58;28;5;175
2074;39;47;18;6;110
2075;39;31;17;2;89
2076;;;;;
2077;33;35;6;3;77
2078;197;228;57;18;500
2079;100;127;36;12;275
2080;193;207;45;18;463
2081;106;118;23;4;251
2082;67;59;22;6;154
2083;32;28;5;2;67
2084;95;99;25;6;225
2085;112;130;27;6;275
2086;194;244;48;20;506
2087;242;263;55;16;576
2088;6;12;2;;20
2089;11;2;3;;16
2090;51;64;20;4;139
2091;67;56;19;11;153
2092;157;134;29;7;327
2093;76;75;28;6;185
2094;19;25;9;2;55
2095;86;96;22;8;212
2096;122;106;13;8;249
2097;41;36;8;1;86
2098;95;95;24;6;220
2099;142;146;39;13;340
2100;19;31;4;2;56
2101;98;133;22;6;259
2102;53;78;20;3;154
2103;69;57;23;2;151
2104;125;93;27;5;250
2105;56;60;8;4;128
2106;50;64;19;4;137
2107;24;27;13;;64
2108;11;25;6;;42
2109;12;18;4;4;38
2110;59;28;10;3;100
2111;36;34;6;2;78
2112;12;14;5;2;33
2113;55;40;8;4;107
2114;87;138;23;11;259
2115;17;13;4;;34
2116;80;84;14;5;183
2117;33;59;10;3;105
2118;113;143;30;7;293
2119;118;152;37;10;317
2120;214;204;55;13;486
2121;157;209;55;13;434
2122;123;225;57;14;419
2123;49;75;9;6;139
2124;126;130;27;10;293
2125;;;;;
2126;228;337;63;11;639
2127;67;124;18;2;211
2128;232;310;40;19;601
2129;115;195;21;6;337
2130;65;71;7;2;145
2131;135;162;15;10;322
2132;98;215;39;8;360
2133;5;4;1;2;12
2134;188;280;42;18;528
2135;4;4;;2;10
2136;99;159;25;4;287
2137;;;;;
2138;67;125;23;9;224
2139;3;4;;;7
2140;10;13;3;3;29
2141;;;;;
2142;263;279;60;17;619
2143;243;313;87;20;663
2144;111;141;68;11;331
2145;276;282;83;21;662
2146;;;;;
2147;154;218;29;9;410
2148;160;160;55;12;387
2149;203;381;52;18;654
2150;48;34;23;6;111
2151;65;76;25;9;175
2152;35;34;18;6;93
2153;32;33;10;5;80
2154;68;89;29;10;196
2155;139;114;139;15;407
2156;;;;;
2157;31;30;39;9;109
2158;6;14;1;;21
2159;18;16;1;4;39
2160;7;5;1;;13
2161;9;13;1;1;24
2162;12;14;;;26
2163;9;7;2;;18
2164;45;50;10;6;111
2165;19;34;7;3;63
2166;28;31;4;3;66
2167;7;15;4;1;27
2168;45;44;9;5;103
2169;;;;;
2170;74;97;15;4;190
2171;91;87;25;8;211
2172;169;211;50;11;441
2173;2;;;;2
2174;15;39;4;1;59
2175;35;32;4;2;73
2176;12;22;10;1;45
2177;32;36;6;1;75
2178;21;18;2;;41
2179;20;16;1;;37
2180;;;;1;1
2181;43;49;8;2;102
2182;54;61;6;1;122
2183;55;47;12;4;118
2184;20;22;3;1;46
2185;13;4;5;1;23
2186;30;34;2;2;68
2187;25;9;1;1;36
2188;13;16;1;;30
2189;25;40;7;2;74
2190;5;4;1;1;11
2191;3;6;3;;12
2192;50;76;11;3;140
2193;27;40;6;;73
2194;44;54;19;8;125
2195;51;55;10;7;123
2196;10;21;2;1;34
2197;72;108;10;3;193
2198;13;16;6;1;36
2199;60;73;14;4;151
2200;28;34;6;4;72
2201;32;33;9;2;76
2202;21;29;4;1;55
2203;74;90;32;5;201
2204;11;22;3;1;37
2205;236;183;28;18;465
2206;93;82;12;5;192
2207;183;184;26;12;405
2208;91;53;15;6;165
2209;104;126;30;5;265
2210;132;141;33;12;318
2211;94;115;24;9;242
2212;83;91;16;8;198
2213;59;56;12;5;132
2214;19;35;9;2;65
2215;6;14;4;1;25
2216;201;307;62;8;578
2217;;;;;
2218;51;49;13;6;119
2219;110;108;36;10;264
2220;48;60;20;8;136
2221;85;168;26;7;286
2222;155;184;65;17;421
2223;76;90;23;7;196
2224;93;107;24;6;230
2225;2;2;;;4
2226;;;;;
2227;;;;;
2228;78;88;33;4;203
2229;76;82;18;9;185
2230;52;57;20;2;131
2231;;;;;
2232;114;100;12;10;236
2233;18;14;6;3;41
2234;46;65;8;1;120
2235;83;77;16;5;181
2236;42;47;7;2;98
2237;24;22;7;2;55
2238;56;55;21;4;136
2239;55;57;14;3;129
2240;5;9;;1;15
2241;;;1;;1
2242;18;55;3;;76
2243;80;62;27;14;183
2244;11;23;8;;42
2245;53;55;13;8;129
2246;71;101;14;4;190
2247;25;38;3;1;67
2248;7;5;1;1;14
2249;29;32;4;4;69
2250;20;18;3;2;43
2251;19;14;5;1;39
2252;107;146;24;15;292
2253;128;186;28;11;353
2254;150;211;24;9;394
2255;;;;;
2256;74;91;13;9;187
2257;248;239;48;14;549
2258;41;47;8;6;102
2259;80;132;16;3;231
2260;;;;;
2261;61;69;8;3;141
2262;116;159;21;6;302
2263;200;279;47;22;548
2264;116;182;43;10;351
2265;68;112;20;8;208
2266;162;131;33;16;342
2267;49;58;24;3;134
2268;57;56;13;6;132
2269;60;78;18;7;163
2270;10;12;6;2;30
2271;79;105;11;5;200
2272;117;182;24;9;332
2273;42;41;23;8;114
2274;29;21;14;3;67
2275;97;99;52;14;262
2276;109;67;38;11;225
2277;82;64;16;8;170
2278;;;;;
2279;;;;;
2280;165;126;51;19;361
2281;;;;;
2282;72;57;22;12;163
2283;18;13;7;1;39
2284;59;55;25;4;143
2285;60;57;19;9;145
2286;136;310;23;13;482
2287;18;29;3;2;52
2288;1;;1;1;3
2289;27;30;;;57
2290;8;9;3;1;21
2291;9;19;1;1;30
2292;156;141;31;16;344
2293;14;14;4;3;35
2294;4;5;4;1;14
2295;68;56;20;17;161
2296;18;30;11;8;67
2297;16;23;5;4;48
2298;18;32;14;1;65
2299;86;127;16;9;238
2300;39;63;9;1;112
2301;8;13;3;2;26
2302;13;16;1;;30
2303;38;27;3;2;70
2304;3;6;6;;15
2305;30;41;8;;79
2306;17;16;5;2;40
2307;27;37;5;1;70
2308;1;5;;;6
2309;5;10;;;15
2310;3;11;;;14
2311;30;27;3;2;62
2312;56;73;11;6;146
2313;90;106;16;2;214
2314;42;36;19;1;98
2315;32;45;11;5;93
2316;49;65;14;3;131
2317;7;2;;1;10
2318;67;75;19;3;164
2319;39;52;2;3;96
2320;106;124;56;12;298
2321;;;;;
2322;36;28;6;3;73
8888;72;22;2;6;102
Totale;167.872;164.367;35.200;12.742;380.181
;;;;;
(a) Dal 31/12/2005  si fa riferimento alle sezioni di censimento 2001, per gli anni precedenti alle sezioni di censimento 1991. Si tratta di aree cartografiche diverse. Per individuare correttamente le aree di interesse Ã¨ necessario consultare il sito alla voce - Individua le sezioni sulle mappe o sullo stradario.;;;;;