;;;;;
Popolazione residente per sezione e stato civile - Maschi;;;;;(a)
al  31 Dicembre 2010;;;;;
Sezioni 2001;1. Celibi/nubili;2. Coniugati/e;3. Vedovi/e;4. Divorziati/e;Totale
0001;71;23;1;1;96
0002;3;2;;1;6
0003;;;;;
0004;17;23;;1;41
0005;2;4;;;6
0006;11;9;1;;21
0007;5;5;;;10
0008;4;5;;1;10
0009;2;2;;;4
0010;17;14;1;4;36
0011;3;3;;;6
0012;70;70;2;6;148
0013;45;21;1;;67
0014;7;2;;;9
0015;21;5;;;26
0016;5;4;;;9
0017;11;14;2;;27
0018;3;2;;;5
0019;7;7;;1;15
0020;2;3;;1;6
0021;9;6;1;;16
0022;1;1;;;2
0023;;1;;;1
0024;5;8;1;;14
0025;6;5;1;;12
0026;5;3;;;8
0027;19;9;;2;30
0028;;1;;;1
0029;6;3;;;9
0030;3;1;;;4
0031;15;10;;1;26
0032;;;;;
0033;5;5;;;10
0034;3;;;;3
0035;;;;;
0036;;1;;;1
0037;1;;;;1
0038;1;3;1;;5
0039;33;29;;4;66
0040;;;;;
0041;13;11;2;1;27
0042;21;17;;;38
0043;9;13;2;2;26
0044;;;;;
0045;1;2;;;3
0046;;;;1;1
0047;5;3;;;8
0048;;;;;
0049;1;1;;;2
0050;14;6;;;20
0051;;;;;
0052;7;8;;2;17
0053;15;11;2;;28
0054;11;10;;;21
0055;;1;;;1
0056;;;;;
0057;;;;;
0058;18;32;3;;53
0059;20;19;1;2;42
0060;123;136;10;2;271
0061;;2;;1;3
0062;140;136;8;11;295
0063;27;15;3;4;49
0064;30;51;1;2;84
0065;46;36;2;;84
0066;1;1;;;2
0067;19;19;1;1;40
0068;4;1;;;5
0069;109;125;12;7;253
0070;71;72;4;5;152
0071;29;31;2;3;65
0072;3;;;;3
0073;3;9;1;;13
0074;10;7;2;;19
0075;;;;;
0076;22;38;3;2;65
0077;72;86;8;5;171
0078;35;66;3;3;107
0079;115;170;11;7;303
0080;;;;;
0081;42;103;10;5;160
0082;47;87;4;2;140
0083;;;;;
0084;;;;;
0085;;;;;
0086;;;;;
0087;7;14;2;1;24
0088;32;38;2;2;74
0089;11;19;1;1;32
0090;50;53;6;3;112
0091;16;19;4;1;40
0092;9;8;;;17
0093;31;28;1;1;61
0094;19;25;2;1;47
0095;25;24;;1;50
0096;26;23;4;1;54
0097;90;88;8;8;194
0098;56;96;6;1;159
0099;26;32;5;1;64
0100;31;37;4;1;73
0101;84;107;10;5;206
0102;8;5;;;13
0103;43;76;3;2;124
0104;55;57;7;3;122
0105;35;44;7;1;87
0106;3;3;;;6
0107;84;96;7;9;196
0108;35;26;2;;63
0109;85;79;4;4;172
0110;24;32;1;1;58
0111;22;29;4;;55
0112;25;39;3;2;69
0113;88;79;8;5;180
0114;25;26;;;51
0115;20;23;1;5;49
0116;46;44;4;2;96
0117;74;77;3;5;159
0118;29;29;2;;60
0119;;2;;;2
0120;59;64;11;2;136
0121;;1;;;1
0122;15;2;;2;19
0123;;;;;
0124;49;62;5;9;125
0125;;;;;
0126;;;;;
0127;110;52;4;4;170
0128;1;5;;;6
0129;;1;;;1
0130;51;27;1;;79
0131;11;1;;;12
0132;36;27;2;;65
0133;;;;;
0134;12;19;;;31
0135;12;17;1;2;32
0136;;;;;
0137;7;15;;;22
0138;2;4;1;;7
0139;8;5;2;1;16
0140;155;110;5;8;278
0141;;1;;;1
0142;117;141;12;7;277
0143;26;28;1;;55
0144;2;3;;;5
0145;141;127;10;6;284
0146;107;90;5;4;206
0147;69;73;8;4;154
0148;42;69;1;2;114
0149;58;93;5;2;158
0150;80;95;3;2;180
0151;21;28;3;1;53
0152;9;15;1;;25
0153;106;137;9;8;260
0154;130;126;7;2;265
0155;78;89;9;5;181
0156;;;;;
0157;;;;;
0158;7;6;2;;15
0159;4;3;;;7
0160;7;5;2;1;15
0161;15;12;;1;28
0162;1;1;;;2
0163;12;8;1;1;22
0164;6;12;2;;20
0165;6;7;1;;14
0166;;;;;
0167;;;;;
0168;69;98;8;1;176
0169;130;147;7;4;288
0170;1;5;;;6
0171;152;186;3;4;345
0172;7;5;1;;13
0173;75;120;11;6;212
0174;172;151;11;8;342
0175;1;2;;;3
0176;63;143;10;6;222
0177;69;100;7;3;179
0178;20;22;;3;45
0179;;;;;
0180;40;58;1;2;101
0181;;;;;
0182;132;134;5;10;281
0183;26;35;;;61
0184;1;2;;;3
0185;2;4;;;6
0186;23;22;;3;48
0187;;1;1;1;3
0188;1;1;;;2
0189;1;1;1;;3
0190;;;;;
0191;5;5;;;10
0192;3;4;;;7
0193;10;2;;;12
0194;7;5;;1;13
0195;4;1;;;5
0196;35;40;2;5;82
0197;15;9;;1;25
0198;18;15;;;33
0199;26;10;1;1;38
0200;;;;;
0201;3;2;2;;7
0202;3;4;;;7
0203;26;16;;1;43
0204;;1;;;1
0205;74;82;1;3;160
0206;40;50;2;1;93
0207;;;;;
0208;;;;;
0209;;;;;
0210;;;;;
0211;83;79;4;10;176
0212;74;66;6;3;149
0213;32;31;2;2;67
0214;40;35;;3;78
0215;27;19;1;2;49
0216;69;49;3;4;125
0217;;;;;
0218;3;1;;;4
0219;25;14;4;1;44
0220;2;2;;;4
0221;9;6;;1;16
0222;5;2;1;1;9
0223;;;;;
0224;;;;;
0225;4;3;;;7
0226;7;9;;;16
0227;;;;;
0228;21;6;;;27
0229;82;98;2;3;185
0230;80;127;5;5;217
0231;30;28;2;1;61
0232;22;29;1;;52
0233;30;39;6;1;76
0234;52;52;3;1;108
0235;33;26;1;2;62
0236;14;22;;;36
0237;25;31;2;;58
0238;66;43;2;7;118
0239;75;45;5;3;128
0240;37;24;1;1;63
0241;96;64;9;5;174
0242;157;77;3;7;244
0243;151;62;1;6;220
0244;14;6;3;2;25
0245;1;1;;;2
0246;21;13;;1;35
0247;97;72;3;4;176
0248;62;47;4;3;116
0249;59;91;4;4;158
0250;60;13;;2;75
0251;108;87;10;8;213
0252;36;39;4;1;80
0253;;;;;
0254;80;80;3;2;165
0255;69;50;2;2;123
0256;143;95;7;5;250
0257;89;78;4;7;178
0258;103;75;2;3;183
0259;26;16;;;42
0260;48;45;4;1;98
0261;91;84;8;3;186
0262;98;88;4;2;192
0263;99;106;11;5;221
0264;34;39;4;4;81
0265;84;77;8;3;172
0266;55;54;2;4;115
0267;21;23;;1;45
0268;48;54;4;2;108
0269;140;85;8;7;240
0270;122;81;9;11;223
0271;23;30;2;1;56
0272;59;28;4;2;93
0273;52;32;3;4;91
0274;29;37;1;2;69
0275;33;24;1;1;59
0276;45;43;6;1;95
0277;123;76;6;7;212
0278;18;12;1;;31
0279;39;28;2;3;72
0280;27;20;4;;51
0281;96;80;6;2;184
0282;97;69;6;2;174
0283;105;83;8;5;201
0284;30;30;3;7;70
0285;46;43;4;1;94
0286;24;11;3;1;39
0287;89;67;5;5;166
0288;49;70;9;5;133
0289;45;31;4;2;82
0290;102;84;6;7;199
0291;44;26;1;2;73
0292;1;1;;;2
0293;41;28;2;;71
0294;13;7;1;3;24
0295;;;;;
0296;96;69;4;4;173
0297;;;;;
0298;9;9;2;2;22
0299;;;;;
0300;49;46;3;1;99
0301;42;65;2;2;111
0302;15;9;;1;25
0303;135;103;5;9;252
0304;39;45;;3;87
0305;26;23;2;1;52
0306;103;85;5;6;199
0307;102;81;7;3;193
0308;130;103;6;5;244
0309;113;69;8;2;192
0310;2;2;;;4
0311;87;85;9;4;185
0312;39;52;5;3;99
0313;65;65;;4;134
0314;3;8;;;11
0315;33;48;8;2;91
0316;88;86;2;2;178
0317;87;82;3;2;174
0318;74;77;4;2;157
0319;68;44;5;2;119
0320;;;;;
0321;;;;;
0322;71;67;6;3;147
0323;229;154;4;7;394
0324;125;71;6;5;207
0325;150;112;7;5;274
0326;104;73;8;4;189
0327;68;42;3;2;115
0328;43;32;2;2;79
0329;22;12;;1;35
0330;31;23;;1;55
0331;48;35;3;;86
0332;84;65;4;3;156
0333;116;127;6;2;251
0334;41;40;1;3;85
0335;111;95;3;1;210
0336;91;63;2;;156
0337;62;44;1;3;110
0338;50;26;5;2;83
0339;;;;;
0340;54;53;2;1;110
0341;42;40;3;;85
0342;58;27;3;;88
0343;;;;;
0344;12;4;;;16
0345;33;11;;;44
0346;;;;;
0347;43;31;1;4;79
0348;65;51;1;3;120
0349;45;32;4;4;85
0350;34;21;;3;58
0351;60;50;7;1;118
0352;66;66;5;2;139
0353;42;28;1;1;72
0354;40;28;2;2;72
0355;27;15;2;1;45
0356;104;100;3;2;209
0357;66;51;3;3;123
0358;72;59;11;3;145
0359;74;63;3;3;143
0360;66;64;5;3;138
0361;57;43;;2;102
0362;51;37;3;4;95
0363;7;8;;;15
0364;;;;;
0365;1;1;;;2
0366;12;6;1;;19
0367;28;2;;;30
0368;;;;;
0369;5;4;1;;10
0370;24;14;;2;40
0371;17;12;;;29
0372;;;;;
0373;;;;;
0374;;;;;
0375;12;8;;1;21
0376;78;64;2;2;146
0377;21;24;;;45
0378;47;55;4;1;107
0379;20;26;3;1;50
0380;16;17;5;;38
0381;6;10;;;16
0382;72;65;3;4;144
0383;34;69;3;;106
0384;49;70;6;1;126
0385;4;7;1;;12
0386;10;7;;1;18
0387;10;13;;4;27
0388;5;4;;;9
0389;5;2;;1;8
0390;11;16;1;1;29
0391;6;6;;;12
0392;45;30;1;2;78
0393;;;;;
0394;45;30;;3;78
0395;30;42;4;1;77
0396;70;40;2;3;115
0397;66;58;2;3;129
0398;104;136;13;5;258
0399;99;106;4;10;219
0400;81;72;7;5;165
0401;12;21;2;;35
0402;41;59;6;2;108
0403;37;61;4;1;103
0404;123;187;10;3;323
0405;85;132;8;2;227
0406;16;25;3;;44
0407;64;118;14;1;197
0408;;;;;
0409;25;59;5;1;90
0410;40;27;3;2;72
0411;17;34;7;1;59
0412;76;74;5;2;157
0413;85;105;10;4;204
0414;17;17;2;1;37
0415;71;101;8;4;184
0416;29;39;1;4;73
0417;82;107;10;3;202
0418;;;;;
0419;32;15;;1;48
0420;;1;;;1
0421;15;11;;2;28
0422;4;3;;;7
0423;8;11;1;;20
0424;2;2;;1;5
0425;61;33;1;3;98
0426;10;2;;;12
0427;;;;;
0428;34;26;2;2;64
0429;3;5;;;8
0430;65;37;2;7;111
0431;33;31;1;3;68
0432;12;15;1;1;29
0433;1;1;;;2
0434;9;6;;1;16
0435;69;51;6;2;128
0436;;;;;
0437;;;;;
0438;12;5;;;17
0439;92;80;6;5;183
0440;;;;;
0441;5;6;;;11
0442;92;130;5;4;231
0443;1;1;;;2
0444;68;60;6;2;136
0445;4;3;;;7
0446;8;9;;;17
0447;27;40;5;2;74
0448;19;33;1;;53
0449;6;3;;;9
0450;7;4;;;11
0451;3;8;;;11
0452;208;221;5;7;441
0453;;3;;;3
0454;9;4;;1;14
0455;1;1;;;2
0456;4;;;1;5
0457;19;23;1;2;45
0458;17;11;1;;29
0459;;1;;;1
0460;16;10;2;;28
0461;;;;;
0462;1;1;;;2
0463;191;255;13;8;467
0464;40;45;1;4;90
0465;33;35;6;1;75
0466;47;59;3;3;112
0467;58;41;3;2;104
0468;52;74;6;5;137
0469;76;58;2;9;145
0470;5;9;1;;15
0471;10;10;;;20
0472;75;55;2;4;136
0473;19;32;;1;52
0474;78;62;5;3;148
0475;;1;;;1
0476;;;;;
0477;16;15;1;1;33
0478;8;19;1;;28
0479;;;;;
0480;31;24;;;55
0481;111;101;5;6;223
0482;10;16;1;;27
0483;11;14;;2;27
0484;8;13;;;21
0485;123;121;6;7;257
0486;44;76;5;1;126
0487;;;;;
0488;;;;;
0489;2;4;;;6
0490;;1;;;1
0491;3;11;;1;15
0492;;;;;
0493;14;6;;1;21
0494;6;4;;;10
0495;8;8;1;;17
0496;14;13;1;;28
0497;5;1;;2;8
0498;2;;;;2
0499;8;4;;1;13
0500;15;20;2;;37
0501;57;58;7;4;126
0502;12;10;;;22
0503;272;283;8;15;578
0504;7;9;1;;17
0505;;;1;;1
0506;1;2;;;3
0507;;;;;
0508;4;1;;;5
0509;5;8;;;13
0510;;;;;
0511;;;;;
0512;3;2;;;5
0513;;;;;
0514;4;5;;;9
0515;2;2;;;4
0516;1;2;;;3
0517;11;11;;3;25
0518;;1;1;;2
0519;;1;;;1
0520;1;2;;;3
0521;5;2;;;7
0522;3;6;;;9
0523;6;5;;;11
0524;1;4;;;5
0525;5;2;;;7
0526;7;3;;;10
0527;1;;;;1
0528;6;5;;;11
0529;;;;;
0530;8;2;;;10
0531;;;;;
0532;;;;;
0533;;;;;
0534;24;3;;2;29
0535;;;;;
0536;218;150;7;13;388
0537;;;;;
0538;5;5;1;;11
0539;69;92;9;4;174
0540;1;2;;;3
0541;7;3;1;1;12
0542;6;8;;;14
0543;94;92;4;2;192
0544;15;11;1;2;29
0545;107;167;11;3;288
0546;36;21;1;6;64
0547;71;84;10;8;173
0548;10;6;;;16
0549;;;;;
0550;74;61;2;6;143
0551;40;45;3;1;89
0552;110;84;3;3;200
0553;100;123;6;4;233
0554;85;103;2;3;193
0555;2;2;1;;5
0556;1;2;1;;4
0557;;;;;
0558;18;17;;1;36
0559;16;21;1;3;41
0560;2;1;;;3
0561;6;6;;;12
0562;104;96;5;7;212
0563;61;58;2;5;126
0564;7;8;1;1;17
0565;;2;;;2
0566;4;5;;;9
0567;3;3;;;6
0568;;;;;
0569;26;19;3;;48
0570;54;32;3;4;93
0571;107;87;6;7;207
0572;53;102;12;2;169
0573;103;83;5;5;196
0574;77;47;6;5;135
0575;103;181;21;3;308
0576;64;124;6;5;199
0577;62;105;11;6;184
0578;4;1;1;;6
0579;16;8;;2;26
0580;10;7;;;17
0581;2;4;;;6
0582;;;;;
0583;4;1;;;5
0584;6;7;1;;14
0585;22;13;1;1;37
0586;108;29;;3;140
0587;94;14;;2;110
0588;37;24;1;2;64
0589;134;113;12;7;266
0590;3;;;1;4
0591;36;29;1;2;68
0592;119;92;7;4;222
0593;;;;;
0594;67;85;3;2;157
0595;86;146;17;12;261
0596;58;38;3;3;102
0597;11;8;1;;20
0598;118;104;6;3;231
0599;;;;;
0600;3;6;;;9
0601;;;;;
0602;;1;;;1
0603;59;34;3;1;97
0604;62;44;3;3;112
0605;;;;;
0606;;;;;
0607;;;;;
0608;42;47;2;2;93
0609;88;56;5;3;152
0610;83;58;2;2;145
0611;;;;;
0612;;;;;
0613;8;14;1;;23
0614;66;48;7;4;125
0615;52;61;7;5;125
0616;33;26;2;1;62
0617;36;37;2;;75
0618;41;31;1;3;76
0619;68;60;4;3;135
0620;41;25;;1;67
0621;;;;;
0622;;;;;
0623;7;7;1;1;16
0624;;;;;
0625;16;13;2;;31
0626;64;54;2;4;124
0627;89;73;3;9;174
0628;;;;;
0629;30;12;5;3;50
0630;97;52;3;1;153
0631;;;;;
0632;35;29;5;4;73
0633;;;;;
0634;85;59;5;3;152
0635;33;19;2;1;55
0636;30;28;2;1;61
0637;113;97;5;6;221
0638;37;38;2;5;82
0639;4;3;;1;8
0640;;;;;
0641;23;39;2;2;66
0642;23;23;;;46
0643;24;35;4;1;64
0644;37;46;7;1;91
0645;44;36;3;1;84
0646;66;58;5;4;133
0647;44;37;4;3;88
0648;1;;;;1
0649;53;40;3;4;100
0650;75;60;3;5;143
0651;84;67;2;5;158
0652;105;65;4;8;182
0653;4;5;1;1;11
0654;20;23;1;1;45
0655;7;7;;;14
0656;49;64;5;1;119
0657;65;109;14;4;192
0658;;;;;
0659;;;;;
0660;;;;;
0661;105;81;6;;192
0662;95;98;10;2;205
0663;22;30;4;1;57
0664;32;49;3;;84
0665;37;33;1;1;72
0666;44;26;2;1;73
0667;83;49;1;3;136
0668;33;33;3;;69
0669;59;31;1;5;96
0670;56;27;1;4;88
0671;77;45;1;3;126
0672;84;49;1;4;138
0673;39;36;2;2;79
0674;48;53;3;6;110
0675;22;14;2;1;39
0676;28;33;1;3;65
0677;23;17;3;3;46
0678;;;;;
0679;35;14;1;1;51
0680;6;6;;;12
0681;71;73;4;7;155
0682;27;17;2;2;48
0683;38;30;1;3;72
0684;69;66;4;8;147
0685;2;3;;;5
0686;17;14;;;31
0687;8;2;;;10
0688;5;5;;;10
0689;;;;;
0690;11;16;4;1;32
0691;17;18;2;1;38
0692;8;13;;;21
0693;32;20;;1;53
0694;19;9;2;1;31
0695;20;17;;2;39
0696;17;20;1;;38
0697;29;25;1;3;58
0698;9;4;1;;14
0699;4;5;;;9
0700;1;;;;1
0701;72;90;2;3;167
0702;47;28;;4;79
0703;21;16;;;37
0704;28;18;1;;47
0705;74;63;3;4;144
0706;;;;;
0707;74;78;8;2;162
0708;67;29;1;2;99
0709;;;;;
0710;14;17;6;4;41
0711;31;41;5;2;79
0712;36;57;5;3;101
0713;42;26;1;;69
0714;77;99;10;3;189
0715;89;68;6;4;167
0716;16;17;2;;35
0717;87;82;6;4;179
0718;40;33;2;1;76
0719;90;91;6;5;192
0720;31;28;;;59
0721;95;58;7;14;174
0722;49;32;6;9;96
0723;11;;;;11
0724;45;48;2;5;100
0725;44;36;1;;81
0726;60;68;;2;130
0727;76;49;5;3;133
0728;34;34;2;1;71
0729;28;17;3;3;51
0730;47;25;1;2;75
0731;35;26;1;2;64
0732;57;46;1;3;107
0733;62;43;4;2;111
0734;1;2;;;3
0735;72;89;8;4;173
0736;118;147;6;4;275
0737;17;20;2;2;41
0738;86;67;3;2;158
0739;7;5;;1;13
0740;9;17;3;;29
0741;61;38;7;2;108
0742;59;38;9;4;110
0743;46;36;4;2;88
0744;13;18;1;;32
0745;98;92;3;6;199
0746;139;124;9;12;284
0747;67;62;4;3;136
0748;29;33;6;5;73
0749;34;43;3;2;82
0750;74;79;5;5;163
0751;23;17;1;;41
0752;23;53;8;3;87
0753;2;5;;1;8
0754;73;63;1;3;140
0755;31;35;2;4;72
0756;;;;;
0757;;;;;
0758;137;132;7;6;282
0759;52;59;;2;113
0760;84;79;11;6;180
0761;69;35;4;4;112
0762;;;;;
0763;;;;;
0764;113;96;9;4;222
0765;103;69;2;2;176
0766;79;57;5;5;146
0767;47;49;6;1;103
0768;28;40;;;68
0769;;;;;
0770;62;35;2;;99
0771;49;34;1;1;85
0772;33;27;2;3;65
0773;48;35;4;2;89
0774;74;44;3;4;125
0775;64;37;1;5;107
0776;40;41;1;;82
0777;44;32;1;;77
0778;42;47;4;1;94
0779;66;38;6;5;115
0780;101;96;9;7;213
0781;33;16;4;1;54
0782;7;8;1;;16
0783;111;93;5;10;219
0784;11;9;;1;21
0785;3;7;;1;11
0786;117;138;8;10;273
0787;99;114;11;3;227
0788;31;28;4;2;65
0789;83;109;9;6;207
0790;91;134;9;3;237
0791;11;13;1;;25
0792;;;;;
0793;14;14;1;1;30
0794;26;27;4;2;59
0795;18;24;2;;44
0796;41;33;4;2;80
0797;12;11;;4;27
0798;71;100;3;7;181
0799;8;12;;;20
0800;7;10;;;17
0801;27;39;2;3;71
0802;34;47;2;2;85
0803;48;53;8;1;110
0804;48;55;10;2;115
0805;31;44;1;1;77
0806;70;74;7;5;156
0807;27;34;2;2;65
0808;44;44;2;3;93
0809;61;65;7;4;137
0810;43;41;1;2;87
0811;17;28;;;45
0812;22;38;3;;63
0813;42;32;3;1;78
0814;48;54;;2;104
0815;98;152;13;5;268
0816;161;188;19;10;378
0817;;;;;
0818;105;113;9;9;236
0819;22;26;1;;49
0820;36;40;4;3;83
0821;31;37;3;;71
0822;;;;;
0823;14;20;3;2;39
0824;62;50;8;4;124
0825;27;20;2;1;50
0826;40;43;5;3;91
0827;35;36;6;4;81
0828;20;23;1;;44
0829;49;49;8;4;110
0830;41;33;3;2;79
0831;49;58;;5;112
0832;;;;;
0833;25;23;1;3;52
0834;33;25;4;2;64
0835;72;54;2;3;131
0836;44;34;2;3;83
0837;22;34;1;1;58
0838;40;30;3;2;75
0839;87;65;6;6;164
0840;15;23;2;2;42
0841;29;24;1;3;57
0842;37;28;1;4;70
0843;;;;;
0844;66;66;5;9;146
0845;38;32;2;3;75
0846;;;;;
0847;25;27;;2;54
0848;14;18;2;;34
0849;105;95;11;7;218
0850;12;20;1;;33
0851;59;112;15;5;191
0852;77;134;11;5;227
0853;103;119;7;8;237
0854;40;68;10;1;119
0855;43;76;5;1;125
0856;47;73;2;2;124
0857;38;83;11;2;134
0858;123;151;7;4;285
0859;56;116;7;6;185
0860;17;29;5;1;52
0861;16;18;5;1;40
0862;73;77;7;1;158
0863;67;71;8;2;148
0864;1;;;;1
0865;56;55;4;9;124
0866;90;88;8;6;192
0867;9;16;2;;27
0868;102;138;9;3;252
0869;61;77;2;2;142
0870;48;63;7;2;120
0871;15;17;2;2;36
0872;30;27;1;;58
0873;49;53;2;4;108
0874;39;63;6;2;110
0875;37;40;2;2;81
0876;17;18;4;;39
0877;15;16;;;31
0878;41;30;4;1;76
0879;58;65;3;2;128
0880;21;18;;;39
0881;31;25;3;;59
0882;;;;;
0883;1;;;;1
0884;;;;;
0885;9;6;;1;16
0886;;1;;;1
0887;;;;;
0888;76;68;2;2;148
0889;;;;;
0890;;;;;
0891;12;18;2;1;33
0892;8;7;1;;16
0893;9;10;;;19
0894;2;5;;;7
0895;;;;;
0896;32;34;5;3;74
0897;4;7;;;11
0898;59;62;3;1;125
0899;64;47;1;2;114
0900;13;15;1;3;32
0901;73;56;7;3;139
0902;115;138;13;5;271
0903;91;124;9;6;230
0904;96;62;6;;164
0905;92;75;6;8;181
0906;116;117;9;8;250
0907;43;46;2;3;94
0908;188;160;9;14;371
0909;43;43;1;1;88
0910;86;76;4;1;167
0911;88;86;7;3;184
0912;197;196;5;14;412
0913;64;45;;5;114
0914;31;17;2;;50
0915;20;14;;2;36
0916;12;9;;2;23
0917;124;108;3;3;238
0918;105;81;3;5;194
0919;94;90;7;5;196
0920;69;69;2;4;144
0921;137;137;6;6;286
0922;118;117;3;6;244
0923;90;71;5;8;174
0924;22;30;1;6;59
0925;13;13;2;4;32
0926;41;25;4;6;76
0927;104;82;2;13;201
0928;101;96;7;4;208
0929;28;25;;;53
0930;93;162;15;;270
0931;72;76;4;2;154
0932;48;61;5;3;117
0933;15;7;;;22
0934;4;7;1;1;13
0935;9;7;;2;18
0936;4;2;;;6
0937;16;12;;;28
0938;6;9;1;;16
0939;;;;;
0940;3;5;;1;9
0941;3;4;;1;8
0942;3;2;1;1;7
0943;;;;;
0944;4;2;;1;7
0945;11;14;;2;27
0946;9;9;1;;19
0947;;;;;
0948;38;30;2;1;71
0949;8;4;;;12
0950;;;;;
0951;8;5;;;13
0952;12;20;3;2;37
0953;;;;;
0954;;;;;
0955;2;1;;;3
0956;;;;;
0957;3;3;;;6
0958;10;6;;1;17
0959;3;3;;;6
0960;;;;;
0961;;;;;
0962;2;2;;;4
0963;;;;;
0964;;1;;;1
0965;;;;;
0966;102;105;7;6;220
0967;18;22;5;1;46
0968;;;;;
0969;64;65;6;1;136
0970;47;32;1;1;81
0971;58;64;2;3;127
0972;;;;;
0973;;;;;
0974;;1;;;1
0975;;;;;
0976;;;;;
0977;;;;;
0978;28;24;;1;53
0979;77;53;2;3;135
0980;28;33;4;4;69
0981;1;4;;;5
0982;48;35;1;;84
0983;26;16;;3;45
0984;85;70;2;3;160
0985;88;77;3;3;171
0986;83;57;2;1;143
0987;12;11;1;2;26
0988;82;76;5;2;165
0989;31;19;1;1;52
0990;81;85;4;1;171
0991;106;80;5;4;195
0992;80;54;4;6;144
0993;;;;;
0994;48;22;;1;71
0995;70;73;6;2;151
0996;;1;;;1
0997;50;69;7;2;128
0998;55;51;6;6;118
0999;75;59;2;9;145
1000;54;56;;1;111
1001;82;55;11;8;156
1002;57;51;6;4;118
1003;74;82;7;3;166
1004;99;91;3;5;198
1005;85;65;7;7;164
1006;79;70;6;2;157
1007;76;63;9;10;158
1008;28;32;3;2;65
1009;;;;;
1010;48;28;2;3;81
1011;20;15;3;;38
1012;;1;;;1
1013;44;52;5;7;108
1014;15;31;2;2;50
1015;113;100;7;6;226
1016;81;77;7;3;168
1017;62;40;3;2;107
1018;46;28;2;3;79
1019;15;15;1;1;32
1020;16;13;;1;30
1021;23;20;3;3;49
1022;22;25;2;;49
1023;34;25;;6;65
1024;114;88;8;6;216
1025;;;;;
1026;;;;;
1027;14;7;;2;23
1028;131;103;8;3;245
1029;124;78;11;7;220
1030;;;;;
1031;40;27;4;4;75
1032;91;73;11;5;180
1033;81;73;7;4;165
1034;20;17;1;;38
1035;41;33;5;2;81
1036;31;21;1;1;54
1037;65;35;4;1;105
1038;47;43;7;2;99
1039;;;;;
1040;25;15;6;3;49
1041;173;129;16;5;323
1042;110;74;10;11;205
1043;76;47;6;6;135
1044;51;46;1;1;99
1045;;;;;
1046;22;20;1;;43
1047;26;30;1;2;59
1048;;;;;
1049;15;16;;;31
1050;1;1;1;;3
1051;5;4;;1;10
1052;86;83;10;;179
1053;12;19;;1;32
1054;100;71;6;8;185
1055;90;75;10;2;177
1056;76;51;6;4;137
1057;74;27;8;2;111
1058;24;21;7;2;54
1059;6;8;;1;15
1060;39;46;1;1;87
1061;83;62;5;5;155
1062;18;17;;;35
1063;6;7;3;;16
1064;100;107;6;9;222
1065;30;49;7;;86
1066;55;65;7;3;130
1067;32;19;2;2;55
1068;69;65;7;5;146
1069;8;13;2;;23
1070;98;59;10;4;171
1071;103;83;2;2;190
1072;3;1;;;4
1073;16;13;;;29
1074;66;76;5;1;148
1075;23;9;;3;35
1076;1;2;;1;4
1077;77;81;6;3;167
1078;;;;;
1079;104;121;13;4;242
1080;;;;;
1081;111;176;10;6;303
1082;24;30;2;;56
1083;11;13;3;1;28
1084;1;;;;1
1085;1;;;;1
1086;166;161;7;11;345
1087;2;1;;;3
1088;;;;;
1089;25;19;1;1;46
1090;90;166;10;5;271
1091;149;137;11;12;309
1092;166;195;10;9;380
1093;79;63;5;4;151
1094;;;;;
1095;;;;;
1096;;;;;
1097;106;121;10;6;243
1098;107;75;4;3;189
1099;83;39;2;3;127
1100;2;1;;;3
1101;92;132;8;4;236
1102;101;94;8;;203
1103;;;;;
1104;74;80;9;7;170
1105;99;55;4;;158
1106;61;60;5;1;127
1107;93;105;13;11;222
1108;37;75;4;2;118
1109;35;42;2;3;82
1110;;3;;;3
1111;3;10;;1;14
1112;60;7;;;67
1113;13;9;1;1;24
1114;13;5;;;18
1115;2;1;;;3
1116;10;9;;;19
1117;;;;;
1118;5;6;1;;12
1119;10;3;1;;14
1120;7;9;;2;18
1121;;;;;
1122;;;;;
1123;2;2;;;4
1124;;;;;
1125;3;2;;;5
1126;2;1;;;3
1127;;;;;
1128;12;3;;;15
1129;;;;;
1130;2;4;1;;7
1131;;;;;
1132;54;63;5;3;125
1133;;;;;
1134;8;8;;1;17
1135;10;;;;10
1136;123;112;4;4;243
1137;17;25;2;1;45
1138;48;42;1;7;98
1139;80;71;1;5;157
1140;7;13;3;;23
1141;5;9;;1;15
1142;7;3;;;10
1143;38;35;3;1;77
1144;22;23;1;1;47
1145;66;53;2;2;123
1146;10;14;5;2;31
1147;27;28;2;;57
1148;121;118;11;8;258
1149;8;7;;1;16
1150;2;4;;;6
1151;47;37;3;1;88
1152;61;65;4;4;134
1153;12;11;;1;24
1154;53;49;3;3;108
1155;50;55;3;4;112
1156;79;83;4;5;171
1157;5;5;;;10
1158;18;12;;1;31
1159;1;4;;1;6
1160;;;;;
1161;;;;;
1162;259;229;7;15;510
1163;19;13;;;32
1164;14;15;1;;30
1165;37;48;3;3;91
1166;24;22;3;2;51
1167;30;35;3;1;69
1168;15;11;2;1;29
1169;16;20;;2;38
1170;71;65;4;6;146
1171;16;15;1;2;34
1172;25;28;2;3;58
1173;10;15;1;1;27
1174;24;27;2;1;54
1175;7;8;;2;17
1176;12;11;;1;24
1177;10;6;;1;17
1178;5;3;;1;9
1179;10;10;;1;21
1180;;;;;
1181;32;26;2;2;62
1182;5;6;;;11
1183;7;8;;1;16
1184;3;10;;;13
1185;4;2;;1;7
1186;3;1;;;4
1187;27;23;2;2;54
1188;33;28;;3;64
1189;;;;;
1190;22;26;1;1;50
1191;14;13;;1;28
1192;2;9;;2;13
1193;9;3;;1;13
1194;1;1;;;2
1195;;3;;;3
1196;7;1;;1;9
1197;12;2;;1;15
1198;2;2;;;4
1199;4;5;;;9
1200;13;15;;3;31
1201;9;7;1;1;18
1202;12;9;;;21
1203;12;16;;2;30
1204;8;3;;1;12
1205;11;7;;2;20
1206;9;7;;;16
1207;22;27;4;2;55
1208;;;;;
1209;9;9;;1;19
1210;8;4;2;;14
1211;6;2;;2;10
1212;9;12;1;3;25
1213;38;23;;4;65
1214;18;10;;3;31
1215;6;3;;;9
1216;40;47;;;87
1217;;2;;;2
1218;34;30;3;2;69
1219;12;9;;;21
1220;;;;;
1221;;;;;
1222;26;33;2;3;64
1223;28;26;5;;59
1224;9;8;;1;18
1225;13;6;;;19
1226;5;6;;1;12
1227;19;31;2;1;53
1228;32;34;2;4;72
1229;36;27;4;4;71
1230;53;36;1;2;92
1231;27;31;;2;60
1232;63;56;1;5;125
1233;91;73;2;5;171
1234;44;38;;;82
1235;60;62;5;3;130
1236;60;35;3;7;105
1237;54;45;4;4;107
1238;55;36;4;5;100
1239;73;49;1;4;127
1240;70;45;2;4;121
1241;55;69;8;4;136
1242;;;;;
1243;17;15;1;;33
1244;;;;;
1245;118;92;4;7;221
1246;37;41;1;3;82
1247;9;6;;1;16
1248;24;12;1;1;38
1249;3;4;;;7
1250;7;5;;;12
1251;4;7;;1;12
1252;;;;;
1253;;;;;
1254;10;9;;;19
1255;13;8;1;;22
1256;40;28;3;1;72
1257;8;6;;;14
1258;8;10;;;18
1259;35;33;;4;72
1260;6;13;;1;20
1261;43;35;2;4;84
1262;9;11;1;;21
1263;26;18;2;4;50
1264;108;62;1;3;174
1265;13;8;;;21
1266;3;2;1;;6
1267;14;9;3;;26
1268;85;51;6;1;143
1269;77;57;4;2;140
1270;87;68;4;2;161
1271;68;44;3;3;118
1272;104;53;3;3;163
1273;59;37;2;3;101
1274;87;86;3;6;182
1275;97;47;2;4;150
1276;94;76;5;6;181
1277;77;45;6;3;131
1278;41;32;2;;75
1279;48;40;3;1;92
1280;69;42;3;2;116
1281;73;30;3;4;110
1282;40;15;1;;56
1283;7;4;;;11
1284;84;38;3;9;134
1285;55;52;1;4;112
1286;14;15;1;1;31
1287;16;21;1;1;39
1288;37;23;2;2;64
1289;75;43;3;5;126
1290;21;18;2;;41
1291;3;7;;1;11
1292;;;;;
1293;15;18;1;3;37
1294;101;44;2;8;155
1295;46;28;4;1;79
1296;66;67;4;3;140
1297;4;;;;4
1298;16;9;;1;26
1299;;;;;
1300;111;86;4;6;207
1301;36;49;4;3;92
1302;20;23;1;1;45
1303;109;97;7;2;215
1304;70;60;2;7;139
1305;109;92;7;1;209
1306;;;;;
1307;49;47;3;2;101
1308;41;32;;2;75
1309;31;24;1;1;57
1310;39;45;2;4;90
1311;51;49;4;1;105
1312;66;55;1;1;123
1313;103;68;1;4;176
1314;101;96;9;3;209
1315;62;63;5;6;136
1316;7;10;2;1;20
1317;28;35;2;3;68
1318;38;10;;4;52
1319;64;64;6;1;135
1320;5;13;1;1;20
1321;10;19;3;;32
1322;17;18;3;2;40
1323;16;17;1;1;35
1324;39;44;1;2;86
1325;45;51;6;3;105
1326;12;17;;1;30
1327;12;21;;2;35
1328;;;;;
1329;50;50;4;1;105
1330;36;34;3;1;74
1331;77;72;11;3;163
1332;75;79;16;6;176
1333;36;44;1;;81
1334;64;56;5;3;128
1335;37;30;1;;68
1336;21;33;2;1;57
1337;111;118;8;8;245
1338;84;100;1;2;187
1339;101;111;9;3;224
1340;18;23;;1;42
1341;22;25;4;;51
1342;25;20;3;1;49
1343;27;40;2;2;71
1344;66;56;5;1;128
1345;12;20;1;2;35
1346;21;16;;;37
1347;57;58;8;3;126
1348;49;45;2;;96
1349;52;47;2;4;105
1350;101;120;7;7;235
1351;74;71;8;6;159
1352;;;;;
1353;;;;;
1354;58;58;1;;117
1355;80;58;4;2;144
1356;;;;;
1357;20;16;2;;38
1358;44;21;1;1;67
1359;9;1;;;10
1360;32;37;;2;71
1361;50;49;4;4;107
1362;4;4;;;8
1363;18;18;;1;37
1364;25;26;2;1;54
1365;45;46;;2;93
1366;25;28;1;3;57
1367;31;37;2;1;71
1368;27;37;4;5;73
1369;28;25;1;;54
1370;77;81;9;4;171
1371;58;60;9;3;130
1372;103;100;12;9;224
1373;112;110;13;8;243
1374;42;46;3;2;93
1375;83;107;10;6;206
1376;12;17;2;;31
1377;;;;;
1378;45;56;1;3;105
1379;29;29;1;;59
1380;;;;;
1381;6;5;;1;12
1382;13;19;;1;33
1383;38;43;3;;84
1384;26;23;4;;53
1385;15;16;1;1;33
1386;50;56;1;2;109
1387;26;24;;;50
1388;19;20;3;;42
1389;15;12;1;3;31
1390;92;117;10;7;226
1391;103;93;8;3;207
1392;33;49;3;;85
1393;32;30;1;2;65
1394;26;25;1;1;53
1395;13;11;2;;26
1396;2;5;;1;8
1397;20;17;1;;38
1398;62;51;4;4;121
1399;;1;;;1
1400;16;25;2;1;44
1401;58;58;2;2;120
1402;48;39;2;4;93
1403;75;78;8;3;164
1404;;1;;;1
1405;16;23;1;;40
1406;21;33;;2;56
1407;31;39;3;2;75
1408;64;54;7;3;128
1409;;;;;
1410;19;22;6;;47
1411;32;33;5;1;71
1412;;;;;
1413;111;135;5;5;256
1414;101;94;9;4;208
1415;7;9;;;16
1416;17;32;2;;51
1417;;1;;;1
1418;48;40;1;2;91
1419;34;43;1;;78
1420;31;37;2;3;73
1421;43;49;5;3;100
1422;42;32;5;4;83
1423;43;58;4;4;109
1424;59;64;5;2;130
1425;19;24;2;;45
1426;117;109;6;11;243
1427;9;7;2;2;20
1428;;;;;
1429;25;17;2;1;45
1430;31;34;3;2;70
1431;23;20;5;;48
1432;33;22;2;;57
1433;20;31;4;4;59
1434;46;30;1;3;80
1435;11;12;1;;24
1436;7;9;;;16
1437;11;17;1;2;31
1438;17;24;1;2;44
1439;20;15;3;4;42
1440;61;49;6;5;121
1441;118;132;16;8;274
1442;37;48;2;1;88
1443;34;31;6;;71
1444;30;31;1;2;64
1445;53;45;1;3;102
1446;49;65;6;3;123
1447;42;31;2;1;76
1448;27;37;2;4;70
1449;117;65;1;11;194
1450;;;;;
1451;;;;;
1452;;;;;
1453;7;7;;;14
1454;;;;;
1455;11;17;;1;29
1456;9;1;;;10
1457;2;2;;;4
1458;2;5;;;7
1459;;;;;
1460;70;61;3;8;142
1461;31;19;;2;52
1462;61;37;5;3;106
1463;121;79;3;4;207
1464;55;73;4;2;134
1465;75;75;4;1;155
1466;83;48;;3;134
1467;61;50;5;;116
1468;119;101;11;2;233
1469;;;;;
1470;21;21;3;3;48
1471;22;16;;;38
1472;;1;;;1
1473;26;23;3;1;53
1474;20;22;1;;43
1475;20;13;2;1;36
1476;36;24;1;4;65
1477;61;39;5;8;113
1478;75;38;1;5;119
1479;112;61;2;5;180
1480;104;48;4;8;164
1481;62;41;1;1;105
1482;88;46;2;2;138
1483;72;54;5;7;138
1484;29;21;2;1;53
1485;34;12;3;5;54
1486;82;59;;12;153
1487;13;12;;1;26
1488;25;11;2;2;40
1489;15;18;1;1;35
1490;26;15;1;1;43
1491;16;9;2;1;28
1492;12;20;2;2;36
1493;52;36;5;3;96
1494;14;7;;1;22
1495;1;1;;;2
1496;37;29;1;;67
1497;55;35;;1;91
1498;15;11;;2;28
1499;;;;;
1500;;;;;
1501;44;32;1;2;79
1502;2;2;;;4
1503;44;26;2;1;73
1504;;;;;
1505;;;;;
1506;26;17;1;;44
1507;19;11;;1;31
1508;8;7;1;;16
1509;7;1;;;8
1510;13;9;;;22
1511;8;13;;1;22
1512;10;8;;2;20
1513;;;;;
1514;2;1;;1;4
1515;6;1;;;7
1516;8;6;;1;15
1517;1;;;;1
1518;14;16;;;30
1519;8;5;;;13
1520;18;12;1;;31
1521;1;1;;;2
1522;89;51;3;4;147
1523;18;5;;;23
1524;10;5;;;15
1525;83;56;6;7;152
1526;20;20;1;1;42
1527;91;69;3;4;167
1528;47;28;1;3;79
1529;2;;;;2
1530;32;15;2;2;51
1531;49;29;2;;80
1532;52;33;;4;89
1533;42;19;;4;65
1534;45;17;1;3;66
1535;80;44;2;6;132
1536;;;;;
1537;69;26;1;1;97
1538;;;;;
1539;;;;;
1540;19;8;;;27
1541;5;2;1;1;9
1542;47;37;5;4;93
1543;3;2;;;5
1544;32;27;1;4;64
1545;39;39;2;4;84
1546;11;17;;1;29
1547;39;15;3;2;59
1548;67;55;;11;133
1549;60;50;6;4;120
1550;125;63;2;3;193
1551;99;60;2;5;166
1552;54;29;2;3;88
1553;;;;;
1554;111;79;6;6;202
1555;68;36;;4;108
1556;115;68;5;7;195
1557;63;27;1;1;92
1558;96;112;15;4;227
1559;;;;;
1560;50;55;1;1;107
1561;66;34;3;3;106
1562;54;55;4;3;116
1563;35;41;4;;80
1564;14;15;1;;30
1565;9;8;1;;18
1566;22;22;;2;46
1567;58;28;2;3;91
1568;;;;;
1569;42;26;;;68
1570;24;27;;2;53
1571;16;9;2;1;28
1572;35;25;3;3;66
1573;9;4;1;;14
1574;69;38;2;9;118
1575;9;1;;;10
1576;57;53;;3;113
1577;13;13;;1;27
1578;;;;;
1579;146;103;7;8;264
1580;25;23;1;;49
1581;26;27;2;;55
1582;40;22;4;1;67
1583;115;84;6;6;211
1584;76;56;2;4;138
1585;42;23;1;2;68
1586;39;56;6;7;108
1587;42;58;9;5;114
1588;16;19;1;;36
1589;75;27;5;2;109
1590;25;17;;;42
1591;65;69;9;9;152
1592;42;36;2;4;84
1593;;;;;
1594;65;43;3;;111
1595;23;13;2;;38
1596;21;18;2;1;42
1597;23;14;1;2;40
1598;64;29;6;1;100
1599;45;26;1;6;78
1600;79;46;2;4;131
1601;60;74;7;8;149
1602;95;63;10;11;179
1603;86;76;5;7;174
1604;;;;;
1605;18;;;;18
1606;;;;;
1607;63;52;;;115
1608;74;51;6;12;143
1609;7;2;1;;10
1610;25;23;3;;51
1611;107;78;1;7;193
1612;10;8;1;;19
1613;24;17;;1;42
1614;51;45;1;;97
1615;42;25;1;1;69
1616;80;72;3;8;163
1617;15;12;2;;29
1618;48;56;2;4;110
1619;9;7;;;16
1620;15;27;2;;44
1621;25;22;1;2;50
1622;15;17;1;2;35
1623;26;16;;1;43
1624;11;15;;;26
1625;7;14;1;1;23
1626;9;21;2;;32
1627;77;57;1;5;140
1628;;;;;
1629;16;11;;;27
1630;31;42;5;1;79
1631;51;43;5;2;101
1632;105;101;10;6;222
1633;66;49;;3;118
1634;10;7;8;1;26
1635;72;57;3;4;136
1636;54;47;1;2;104
1637;72;83;11;2;168
1638;59;46;3;5;113
1639;34;31;1;;66
1640;18;16;2;1;37
1641;23;28;2;;53
1642;56;48;4;3;111
1643;66;55;3;2;126
1644;63;57;5;2;127
1645;11;10;;;21
1646;45;63;8;4;120
1647;;;;;
1648;33;32;6;1;72
1649;48;39;2;1;90
1650;49;43;3;;95
1651;44;48;4;4;100
1652;23;24;1;2;50
1653;68;78;2;2;150
1654;60;52;6;1;119
1655;36;42;3;3;84
1656;43;58;2;2;105
1657;62;58;8;2;130
1658;58;53;4;3;118
1659;8;10;1;;19
1660;43;53;4;3;103
1661;20;12;;;32
1662;17;15;;;32
1663;;;;;
1664;19;12;1;1;33
1665;5;9;;;14
1666;16;10;;2;28
1667;;;;;
1668;;;;;
1669;2;2;;;4
1670;;;;;
1671;;;;;
1672;;;;;
1673;1;1;;;2
1674;8;8;1;;17
1675;12;8;;;20
1676;40;39;2;;81
1677;;;;;
1678;;;;;
1679;19;18;3;5;45
1680;12;14;;;26
1681;3;4;;2;9
1682;34;22;1;1;58
1683;;;;;
1684;;;;;
1685;;6;;;6
1686;1;;;;1
1687;264;326;13;20;623
1688;37;34;1;3;75
1689;137;148;6;6;297
1690;1;2;;;3
1691;2;3;;;5
1692;;;;;
1693;1;;;;1
1694;;;;;
1695;;;;;
1696;3;7;;1;11
1697;3;1;;;4
1698;1;1;1;;3
1699;37;24;1;;62
1700;;1;;;1
1701;1;2;;;3
1702;1;1;;;2
1703;2;1;;;3
1704;;2;;;2
1705;5;6;;2;13
1706;2;;1;1;4
1707;;;;;
1708;;;;;
1709;;2;;;2
1710;1;1;;;2
1711;1;2;;;3
1712;2;1;;;3
1713;;;;;
1714;13;8;;;21
1715;2;5;;;7
1716;1;1;;;2
1717;3;5;1;;9
1718;;;;1;1
1719;6;5;;;11
1720;22;15;2;1;40
1721;35;33;3;3;74
1722;118;142;9;9;278
1723;21;20;1;3;45
1724;32;42;2;1;77
1725;99;120;11;2;232
1726;32;29;2;3;66
1727;51;48;;5;104
1728;44;50;6;2;102
1729;25;20;1;2;48
1730;45;51;4;4;104
1731;77;56;4;3;140
1732;;;;;
1733;6;9;2;;17
1734;11;7;1;;19
1735;;;;;
1736;;;;;
1737;;;;;
1738;34;22;1;1;58
1739;52;46;5;2;105
1740;4;2;;;6
1741;27;21;1;5;54
1742;142;73;5;9;229
1743;6;10;1;;17
1744;91;71;5;1;168
1745;149;163;13;6;331
1746;17;9;2;1;29
1747;162;143;13;12;330
1748;42;25;;2;69
1749;243;189;7;5;444
1750;125;124;9;7;265
1751;1;;;;1
1752;10;20;1;2;33
1753;17;8;2;;27
1754;140;127;1;13;281
1755;3;10;;1;14
1756;184;63;1;3;251
1757;10;15;2;1;28
1758;4;7;;;11
1759;6;15;;1;22
1760;42;58;2;3;105
1761;4;3;;;7
1762;3;6;;;9
1763;15;21;1;1;38
1764;2;4;;;6
1765;;;;;
1766;34;16;1;1;52
1767;;;;;
1768;;;;;
1769;144;73;10;7;234
1770;115;63;2;7;187
1771;13;17;3;;33
1772;79;54;5;6;144
1773;;;;;
1774;43;22;;4;69
1775;;;;;
1776;69;110;10;2;191
1777;45;48;5;2;100
1778;3;13;1;;17
1779;19;17;2;1;39
1780;5;2;;;7
1781;;;;;
1782;1;;;;1
1783;9;23;2;;34
1784;;;;;
1785;4;8;;;12
1786;31;34;4;3;72
1787;61;68;6;6;141
1788;71;82;6;5;164
1789;42;39;1;1;83
1790;21;15;;1;37
1791;39;37;9;3;88
1792;96;91;7;5;199
1793;99;92;7;2;200
1794;34;29;1;1;65
1795;82;65;7;4;158
1796;39;32;4;1;76
1797;87;66;7;2;162
1798;27;15;2;1;45
1799;43;29;1;3;76
1800;29;25;2;3;59
1801;3;11;;;14
1802;6;16;;;22
1803;15;10;1;1;27
1804;36;62;5;3;106
1805;58;86;7;3;154
1806;107;90;7;9;213
1807;23;30;;1;54
1808;15;33;6;1;55
1809;6;15;2;2;25
1810;;1;;;1
1811;78;66;3;7;154
1812;11;10;;;21
1813;16;12;2;1;31
1814;55;31;3;3;92
1815;133;98;4;2;237
1816;36;42;3;1;82
1817;24;17;;1;42
1818;78;50;4;3;135
1819;;1;;;1
1820;49;36;4;2;91
1821;48;31;6;1;86
1822;17;9;;;26
1823;;;;;
1824;81;87;11;3;182
1825;43;29;13;1;86
1826;13;3;2;;18
1827;26;15;4;;45
1828;;2;;;2
1829;61;45;8;3;117
1830;36;33;3;8;80
1831;51;43;3;2;99
1832;46;48;9;6;109
1833;53;56;4;6;119
1834;69;58;4;2;133
1835;45;21;1;3;70
1836;72;69;7;2;150
1837;107;81;3;3;194
1838;68;70;2;2;142
1839;12;16;2;2;32
1840;;;;;
1841;5;8;;;13
1842;67;53;6;5;131
1843;41;30;1;2;74
1844;36;33;4;2;75
1845;64;76;5;5;150
1846;78;90;4;1;173
1847;43;39;5;2;89
1848;36;30;3;3;72
1849;106;81;6;4;197
1850;44;51;1;2;98
1851;61;58;;4;123
1852;122;147;13;2;284
1853;63;49;2;4;118
1854;;;;;
1855;32;24;1;;57
1856;39;28;2;3;72
1857;14;13;;;27
1858;19;14;1;;34
1859;76;67;9;3;155
1860;89;66;9;5;169
1861;107;96;4;7;214
1862;20;20;2;;42
1863;19;24;1;;44
1864;3;13;2;;18
1865;7;9;1;;17
1866;15;21;7;1;44
1867;49;60;3;6;118
1868;110;80;8;4;202
1869;6;12;1;1;20
1870;54;58;1;2;115
1871;28;26;;;54
1872;36;29;4;1;70
1873;53;50;4;1;108
1874;44;39;1;2;86
1875;52;50;1;3;106
1876;56;61;2;3;122
1877;126;147;4;8;285
1878;25;20;2;2;49
1879;12;10;1;;23
1880;138;143;11;9;301
1881;46;40;2;;88
1882;22;33;1;5;61
1883;15;12;;2;29
1884;51;56;3;2;112
1885;1;2;;;3
1886;42;29;3;1;75
1887;49;38;4;4;95
1888;5;5;;;10
1889;15;18;;;33
1890;19;20;7;;46
1891;33;34;2;2;71
1892;1;3;;;4
1893;22;35;1;4;62
1894;4;5;;;9
1895;5;4;;;9
1896;16;22;1;;39
1897;6;7;;;13
1898;33;49;3;3;88
1899;47;58;5;2;112
1900;9;3;;;12
1901;15;14;;;29
1902;129;149;11;18;307
1903;;;;;
1904;11;7;1;1;20
1905;48;62;3;1;114
1906;105;80;3;3;191
1907;67;73;3;2;145
1908;1;3;;1;5
1909;12;13;1;1;27
1910;;1;;;1
1911;3;;;1;4
1912;2;1;;;3
1913;8;6;2;;16
1914;33;19;;1;53
1915;1;1;;;2
1916;6;9;2;;17
1917;18;16;2;;36
1918;2;2;;;4
1919;6;4;;;10
1920;3;3;;1;7
1921;3;2;;;5
1922;1;3;;;4
1923;4;1;;;5
1924;1;4;;;5
1925;17;8;2;1;28
1926;14;14;1;2;31
1927;7;4;1;;12
1928;;;;;
1929;1;;;;1
1930;10;7;;;17
1931;7;4;1;;12
1932;107;84;2;3;196
1933;99;84;6;6;195
1934;73;79;6;1;159
1935;82;73;5;5;165
1936;54;45;2;3;104
1937;128;82;7;8;225
1938;112;77;5;5;199
1939;88;41;4;7;140
1940;86;46;5;5;142
1941;86;57;2;4;149
1942;81;68;4;9;162
1943;74;38;4;3;119
1944;110;58;2;3;173
1945;110;69;5;4;188
1946;6;11;1;2;20
1947;16;18;;;34
1948;20;9;1;1;31
1949;34;32;5;;71
1950;50;49;5;5;109
1951;39;36;4;2;81
1952;5;8;;;13
1953;6;5;;1;12
1954;;;;;
1955;25;14;;1;40
1956;78;36;;6;120
1957;1;5;;;6
1958;9;6;;2;17
1959;20;21;;4;45
1960;11;4;;;15
1961;;2;;;2
1962;30;27;1;;58
1963;;;;;
1964;21;17;2;2;42
1965;14;5;;;19
1966;8;8;;3;19
1967;15;4;;1;20
1968;25;21;1;1;48
1969;23;17;2;4;46
1970;28;13;1;1;43
1971;6;15;;2;23
1972;20;17;4;2;43
1973;92;50;5;9;156
1974;56;59;5;5;125
1975;100;75;5;4;184
1976;4;3;;;7
1977;16;13;1;4;34
1978;108;54;3;3;168
1979;95;37;9;11;152
1980;90;76;4;3;173
1981;;;;;
1982;111;79;1;4;195
1983;40;22;;;62
1984;85;58;3;1;147
1985;78;47;2;5;132
1986;89;41;4;6;140
1987;1;;1;;2
1988;64;44;1;1;110
1989;7;4;;;11
1990;23;17;;2;42
1991;35;26;1;2;64
1992;116;88;5;5;214
1993;26;16;1;1;44
1994;48;23;;6;77
1995;41;16;;2;59
1996;11;;;3;14
1997;13;9;1;1;24
1998;7;5;;;12
1999;1;2;;1;4
2000;60;26;1;3;90
2001;;;;;
2002;32;63;8;3;106
2003;6;2;;;8
2004;201;176;7;13;397
2005;2;3;7;;12
2006;95;126;14;4;239
2007;78;110;8;2;198
2008;61;116;9;1;187
2009;102;146;13;5;266
2010;69;119;7;6;201
2011;46;94;9;1;150
2012;76;119;9;5;209
2013;78;115;10;4;207
2014;65;146;8;4;223
2015;80;110;7;2;199
2016;39;84;10;2;135
2017;;;;;
2018;200;253;23;17;493
2019;18;5;;;23
2020;124;125;6;2;257
2021;73;40;4;;117
2022;59;37;8;6;110
2023;16;11;2;;29
2024;5;4;;;9
2025;143;114;10;5;272
2026;15;14;2;;31
2027;50;66;9;3;128
2028;112;103;7;3;225
2029;;;;;
2030;84;74;10;7;175
2031;89;94;6;6;195
2032;10;19;2;1;32
2033;113;122;9;2;246
2034;47;93;5;3;148
2035;51;89;2;1;143
2036;22;13;2;1;38
2037;60;97;7;2;166
2038;50;130;4;4;188
2039;53;80;2;1;136
2040;97;144;11;12;264
2041;47;54;5;3;109
2042;;;;;
2043;35;37;6;1;79
2044;24;30;2;1;57
2045;7;10;1;1;19
2046;;;;;
2047;93;87;9;8;197
2048;42;30;;2;74
2049;17;17;1;;35
2050;51;54;5;7;117
2051;38;8;;;46
2052;;;;;
2053;4;2;;;6
2054;71;52;4;4;131
2055;25;20;2;1;48
2056;31;31;1;3;66
2057;23;28;5;;56
2058;36;40;1;;77
2059;75;50;8;2;135
2060;16;10;1;;27
2061;4;9;1;;14
2062;27;19;3;1;50
2063;77;69;5;5;156
2064;46;55;7;5;113
2065;23;29;5;1;58
2066;40;47;1;1;89
2067;49;48;1;2;100
2068;90;75;3;3;171
2069;72;60;2;1;135
2070;127;107;4;5;243
2071;49;78;4;2;133
2072;;;;;
2073;39;29;4;2;74
2074;21;24;5;2;52
2075;15;15;2;;32
2076;;;;;
2077;14;16;1;;31
2078;90;112;9;2;213
2079;41;64;7;2;114
2080;100;103;10;7;220
2081;44;57;5;3;109
2082;39;29;4;2;74
2083;17;13;1;2;33
2084;54;50;2;2;108
2085;61;66;2;3;132
2086;87;122;6;8;223
2087;122;135;6;6;269
2088;4;6;;;10
2089;4;1;1;;6
2090;25;30;4;2;61
2091;38;29;5;6;78
2092;83;65;2;;150
2093;39;38;4;1;82
2094;9;12;3;;24
2095;41;48;3;4;96
2096;65;54;5;3;127
2097;20;18;;1;39
2098;52;47;4;4;107
2099;74;70;6;3;153
2100;11;14;;;25
2101;58;67;2;;127
2102;19;38;3;3;63
2103;32;27;1;;60
2104;55;46;4;1;106
2105;31;30;2;;63
2106;24;34;2;2;62
2107;7;14;3;;24
2108;8;13;1;;22
2109;7;9;;1;17
2110;30;14;3;2;49
2111;18;16;2;1;37
2112;6;8;1;1;16
2113;28;18;1;2;49
2114;39;67;3;4;113
2115;12;7;;;19
2116;43;42;4;1;90
2117;19;28;2;2;51
2118;61;73;5;2;141
2119;51;76;7;3;137
2120;112;101;14;2;229
2121;76;101;15;3;195
2122;56;111;11;8;186
2123;25;36;1;;62
2124;60;64;5;6;135
2125;;;;;
2126;120;161;10;2;293
2127;33;60;5;1;99
2128;124;153;6;9;292
2129;66;102;3;3;174
2130;32;34;;1;67
2131;57;79;5;2;143
2132;58;109;8;2;177
2133;3;2;;1;6
2134;85;140;11;2;238
2135;2;1;;;3
2136;59;75;4;2;140
2137;;;;;
2138;33;63;3;4;103
2139;2;2;;;4
2140;6;7;1;1;15
2141;;;;;
2142;132;136;8;7;283
2143;125;152;15;8;300
2144;61;72;9;7;149
2145;146;141;15;8;310
2146;;;;;
2147;79;106;3;2;190
2148;76;81;9;6;172
2149;98;188;15;5;306
2150;24;18;4;3;49
2151;35;37;3;4;79
2152;20;17;4;2;43
2153;16;16;1;2;35
2154;39;45;4;4;92
2155;65;61;21;5;152
2156;;;;;
2157;12;13;2;3;30
2158;4;8;;;12
2159;10;9;;2;21
2160;5;2;;;7
2161;2;7;1;;10
2162;6;7;;;13
2163;5;3;1;;9
2164;23;25;;2;50
2165;7;18;;;25
2166;15;17;1;3;36
2167;4;6;;;10
2168;27;22;2;3;54
2169;;;;;
2170;26;48;2;2;78
2171;48;42;2;;92
2172;79;105;11;5;200
2173;1;;;;1
2174;4;20;;1;25
2175;16;16;;;32
2176;7;11;3;1;22
2177;20;19;3;;42
2178;13;9;;;22
2179;7;7;;;14
2180;;;;1;1
2181;19;25;;2;46
2182;22;30;2;;54
2183;30;23;2;2;57
2184;9;10;;1;20
2185;5;2;1;;8
2186;14;17;1;2;34
2187;15;4;;;19
2188;10;8;;;18
2189;13;22;2;;37
2190;4;2;;1;7
2191;2;3;1;;6
2192;24;39;2;;65
2193;14;20;3;;37
2194;21;27;2;2;52
2195;28;28;1;4;61
2196;4;11;1;;16
2197;31;51;3;3;88
2198;8;9;2;;19
2199;34;38;3;2;77
2200;14;16;1;2;33
2201;15;16;2;;33
2202;12;15;1;;28
2203;36;45;5;3;89
2204;6;11;1;1;19
2205;121;94;2;6;223
2206;49;41;2;2;94
2207;93;89;6;3;191
2208;45;25;;4;74
2209;50;63;5;1;119
2210;80;68;3;4;155
2211;45;57;5;1;108
2212;37;46;5;1;89
2213;25;28;1;1;55
2214;11;18;1;1;31
2215;4;7;1;;12
2216;111;149;8;4;272
2217;;;;;
2218;11;23;3;2;39
2219;58;54;6;2;120
2220;20;29;4;3;56
2221;47;81;7;3;138
2222;89;90;15;7;201
2223;42;47;2;3;94
2224;46;55;4;2;107
2225;2;1;;;3
2226;;;;;
2227;;;;;
2228;43;43;6;1;93
2229;36;41;4;2;83
2230;25;26;2;;53
2231;;;;;
2232;59;43;1;6;109
2233;8;8;;1;17
2234;23;33;2;;58
2235;42;37;5;1;85
2236;19;23;1;;43
2237;10;12;1;;23
2238;27;26;4;2;59
2239;27;27;1;3;58
2240;3;4;;;7
2241;;;1;;1
2242;12;27;;;39
2243;28;30;6;3;67
2244;5;12;;;17
2245;32;28;1;2;63
2246;29;48;1;2;80
2247;11;21;1;;33
2248;4;2;1;;7
2249;17;16;;3;36
2250;8;9;;1;18
2251;12;6;;;18
2252;53;74;3;5;135
2253;64;96;6;2;168
2254;74;106;6;3;189
2255;;;;;
2256;37;44;1;4;86
2257;135;117;11;4;267
2258;20;22;2;4;48
2259;46;69;2;2;119
2260;;;;;
2261;30;33;2;;65
2262;57;80;2;1;140
2263;104;136;7;10;257
2264;65;91;6;4;166
2265;40;55;5;1;101
2266;94;63;3;6;166
2267;28;31;4;1;64
2268;31;29;1;3;64
2269;29;38;2;3;72
2270;1;7;;1;9
2271;37;56;5;1;99
2272;69;88;5;5;167
2273;22;20;4;4;50
2274;14;11;;;25
2275;50;48;8;6;112
2276;56;33;5;2;96
2277;38;32;;3;73
2278;;;;;
2279;;;;;
2280;82;59;7;5;153
2281;;;;;
2282;36;24;5;4;69
2283;9;6;;;15
2284;35;27;2;2;66
2285;32;26;3;2;63
2286;74;153;2;3;232
2287;9;15;;2;26
2288;;;;1;1
2289;13;15;;;28
2290;2;4;;1;7
2291;2;9;;1;12
2292;78;69;5;8;160
2293;4;6;1;;11
2294;1;2;1;1;5
2295;29;28;7;6;70
2296;7;14;4;4;29
2297;9;9;1;1;20
2298;7;14;1;1;23
2299;51;59;5;4;119
2300;16;31;2;1;50
2301;4;6;;1;11
2302;7;8;;;15
2303;21;14;;;35
2304;2;3;1;;6
2305;9;21;2;;32
2306;7;7;;1;15
2307;6;18;2;;26
2308;1;2;;;3
2309;3;5;;;8
2310;2;5;;;7
2311;17;15;;;32
2312;28;36;1;4;69
2313;45;51;4;1;101
2314;24;18;1;;43
2315;19;21;3;4;47
2316;30;33;3;;66
2317;4;1;;1;6
2318;25;36;5;2;68
2319;22;26;1;1;50
2320;55;59;4;4;122
2321;;;;;
2322;17;15;;1;33
8888;57;14;2;5;78
Totale;86.004;81.461;5.823;4.603;177.891
;;;;;
(a) Dal 31/12/2005  si fa riferimento alle sezioni di censimento 2001, per gli anni precedenti alle sezioni di censimento 1991. Si tratta di aree cartografiche diverse. Per individuare correttamente le aree di interesse Ã¨ necessario consultare il sito alla voce - Individua le sezioni sulle mappe o sullo stradario.;;;;;