Area Statistica;N° contribuenti;Reddito imponibile ai fini irpef;Reddito imponibile ai fini dell'addizionale irpef
Aeroporto;341;6.539.254;6.367.398
Agucchi;3.022;60.472.601;59.078.165
Arcoveggio;8.019;161.293.630;157.314.757
Bargellino;72;1.500.877;1.486.840
Battindarno;7.026;145.680.203;142.691.047
Beverara;5.449;114.577.501;112.453.534
Bitone;7.983;165.708.982;162.125.685
Borgo Centro;5.737;111.759.191;109.274.460
CAAB;208;4.150.796;3.993.174
CNR;36;1.104.613;1.095.371
Cadriano-Calamosco;484;11.968.327;11.693.514
Canale di Reno;4.882;111.414.494;109.389.623
Caserme Rosse-Manifattura;1.556;29.852.474;29.231.634
Casteldebole;3.945;80.609.860;79.021.407
Cavedone;2.330;45.738.464;44.839.199
Chiesanuova;5.404;142.625.220;139.881.886
Cirenaica;6.701;158.253.103;155.525.855
Corelli;6.794;153.668.722;150.694.664
Croce Coperta;4.411;98.162.991;96.418.338
Croce del Biacco;2.966;58.423.810;56.853.284
Dagnini;7.108;177.053.411;173.511.933
Ducati-Villaggio Ina;2.608;50.725.249;49.715.839
Due Madonne;2.162;46.248.892;45.564.419
Emilia Ponente;6.635;145.365.284;142.747.590
Ex Mercato Ortofrutticolo;370;7.182.888;7.069.564
Fiera;15;311.106;303.563
Fossolo;6.926;180.387.288;177.934.629
Galvani-1;1.298;66.979.160;66.054.761
Galvani-2;8.161;305.708.109;300.934.648
Giardini Margherita;19;1.457.820;1.453.388
Guelfa;5.025;105.814.300;103.678.558
Irnerio-1;2.696;98.815.578;97.306.273
Irnerio-2;7.499;215.858.185;212.320.573
La Birra;1.456;29.511.660;28.868.630
La Dozza;1.095;25.468.649;25.096.647
La Noce;1.163;23.952.655;23.592.742
Laghetti del Rosario;300;8.642.030;8.501.682
Lavino di Mezzo;287;5.837.082;5.735.476
Lazzaretto;331;5.107.938;5.005.267
Lungo Reno;6;102.878;102.842
Lungo Savena;44;1.092.080;1.064.490
Malpighi-1;1.345;62.857.697;62.093.443
Malpighi-2;7.697;220.379.550;216.178.739
Marconi-1;1.569;62.993.722;62.125.036
Marconi-2;9.130;273.551.055;268.673.674
Mengoli;7.599;192.169.600;188.671.846
Mezzofanti;5.308;198.724.623;196.013.804
Michelino;3.390;62.965.955;61.493.255
Monte Donato;1.018;38.216.007;37.580.180
Mulino del Gomito;352;5.779.739;5.614.624
Ospedale Bellaria;118;2.659.303;2.621.074
Ospedale Sant'Orsola;92;1.351.792;1.331.088
Osservanza;2.999;123.831.648;122.061.611
Paderno;997;50.456.134;49.534.565
Pescarola;3.473;67.992.436;66.676.154
Piazza dell'Unita';7.152;143.964.937;140.639.092
Pilastro;5.202;89.069.811;87.070.165
Ponte Savena-La Bastia;1.004;23.175.761;22.803.195
Pontevecchio;3.854;82.165.441;80.625.667
Prati di Caprara-Ospedale Maggiore;344;9.448.226;9.338.658
Ravone;913;34.055.973;33.481.370
Rigosa;795;18.529.710;17.978.091
Roveri;429;10.373.507;10.188.978
San Donnino;2.334;48.060.355;47.002.922
San Giuseppe;4.677;163.569.865;160.992.645
San Luca;417;22.941.061;22.649.882
San Michele in Bosco;1.524;73.929.060;73.019.017
San Savino;7.022;143.073.398;139.735.740
Savena Abbandonato;602;12.599.529;12.269.073
Scalo Merci San Donato;24;631.507;631.506
Scalo Ravone;91;2.365.864;2.364.915
Scandellara;446;10.290.786;10.096.444
Siepelunga;3.234;139.777.616;138.022.362
Stadio-Meloncello;2.656;74.803.466;73.339.933
Stradelli Guelfi;137;3.388.324;3.305.248
Tiro A Segno;106;2.398.865;2.363.856
Triumvirato-Pietra;3.574;72.528.991;70.987.536
Velodromo;4.505;97.270.012;95.305.257
Via Arno;5.977;139.423.613;137.064.331
Via Ferrarese;7.868;155.149.555;151.003.411
Via Larga;1.513;42.501.308;42.126.137
Via Mondo;6.166;119.724.954;116.946.416
Via Toscana;7.252;181.245.241;177.452.014
Via Vittorio Veneto;4.012;87.859.728;85.904.829
Via del Genio;14;579.333;563.246
Via del Lavoro;5.625;113.048.769;110.427.876
Via del Vivaio;513;9.571.461;9.253.190
Villaggio della Barca;4.252;73.651.522;72.009.603
XXI Aprile;9.645;241.161.078;236.794.054
Zanardi;4.559;100.448.197;98.443.821
SENZA FISSA DIMORA;12;158.096;158.096
Non residenti nell'anno d'imposta;12.869;155.898.912;150.475.419
