﻿<CreateOffer xmlns="https://www.nativy.com/nis">
<requ>
<offerrequest xmlns="http://www.nativy.com/nis">
  <settings>
    <emailCallbackLink>https://www.yourapplication.com/nisinterface/gettranslation</emailCallbackLink>
  </settings>
  <customer customerId="mailto:demo@nativy.com">
    <customerEmail>demo@nativy.com</customerEmail>
    <customerFirstName>Demofirstname</customerFirstName>
    <customerLastName>Demolastname</customerLastName>
  </customer>
  <languages primaryLangCode="de-DE">
    <language langCode="en" />
  </languages>
  <textblocks>
    <textblock code="faq_question1" label="Wie funktioniert nativy?">
      <description langCode="de-DE">
        nativy hat ein System entwickelt, um den/die ideale ÜbersetzerIn für jeden Auftrag zu finden. KundInnen können dabei ihre individuellen Kriterien in der Suche nach dem/der idealen ÜbersetzerIn einbringen. nativy übernimmt in dem gesamten Prozess die wichtigsten administrativen Aufgaben, um seinen NutzerInnen das Leben etwas zu erleichtern und die Zusammenarbeit zu beschleunigen. nativy verrechnet seinen KundInnen das von dem/der ÜbersetzerIn festgelegte Honorar inklusive eines geringfügigen Vermittlungsaufschlags.
      </description>
    </textblock>
    <textblock code="faq_question2" label="Wer übersetzt bei nativy?">
      <description langCode="de-DE">
        Nur professionelle ÜbersetzerInnen werden bei nativy zugelassen. Übersetzungen in die Muttersprache werden bevorzugt. Die Qualifikationen jedes/r ÜbersetzerIn werden durch nativy geprüft.
      </description>
    </textblock>
    <textblock code="faq_question3" label="Stehen AuftraggeberInnen und ÜbersetzerInnen in direktem Kontakt?">
      <description langCode="de-DE">
        Ja, auf der Webseite von nativy können Kurznachrichten zu den jeweiligen Aufträgen ausgetauscht werden.
      </description>
    </textblock>
  </textblocks>
</offerrequest>
</requ>
</CreateOffer>