<CreateOffer xmlns="https://www.nativy.com/nis">
  <requ>
    <xs:schema id="offerrequest" targetNamespace="http://www.nativy.com/nis"
      xmlns:mstns="http://www.nativy.com/nis" xmlns="http://www.nativy.com/nis"
      xmlns:xs="http://www.w3.org/2001/XMLSchema" xmlns:msdata="urn:schemas-microsoft-com:xml-msdata"
      attributeFormDefault="qualified" elementFormDefault="qualified">
      <xs:element name="offerrequest" msdata:IsDataSet="true"
        msdata:Locale="en-US">
        <xs:complexType>
          <xs:choice minOccurs="0" maxOccurs="unbounded">
            <xs:element name="customer">
              <xs:complexType>
                <xs:sequence>
                  <xs:element name="customerEmail" type="xs:string"
                    minOccurs="0" msdata:Ordinal="0" />
                  <xs:element name="customerFirstName" type="xs:string"
                    minOccurs="0" msdata:Ordinal="1" />
                  <xs:element name="customerLastName" type="xs:string"
                    minOccurs="0" msdata:Ordinal="2" />
                </xs:sequence>
                <xs:attribute name="customerId" form="unqualified"
                  type="xs:string" />
              </xs:complexType>
            </xs:element>
            <xs:element name="languages">
              <xs:complexType>
                <xs:sequence>
                  <xs:element name="language" minOccurs="0" maxOccurs="unbounded">
                    <xs:complexType>
                      <xs:attribute name="langCode" form="unqualified"
                        type="xs:string" />
                    </xs:complexType>
                  </xs:element>
                </xs:sequence>
                <xs:attribute name="primaryLangCode" form="unqualified"
                  type="xs:string" />
              </xs:complexType>
            </xs:element>
            <xs:element name="textblocks">
              <xs:complexType>
                <xs:sequence>
                  <xs:element name="textblock" minOccurs="0"
                    maxOccurs="unbounded">
                    <xs:complexType>
                      <xs:sequence>
                        <xs:element name="description" nillable="true"
                          minOccurs="0" maxOccurs="unbounded">
                          <xs:complexType>
                            <xs:simpleContent msdata:ColumnName="description_Text"
                              msdata:Ordinal="1">
                              <xs:extension base="xs:string">
                                <xs:attribute name="langCode" form="unqualified"
                                  type="xs:string" />
                              </xs:extension>
                            </xs:simpleContent>
                          </xs:complexType>
                        </xs:element>
                      </xs:sequence>
                      <xs:attribute name="code" form="unqualified"
                        type="xs:string" />
                      <xs:attribute name="label" form="unqualified"
                        type="xs:string" />
                      <xs:attribute name="category" form="unqualified"
                        msdata:Caption="label" type="xs:string" />
                    </xs:complexType>
                  </xs:element>
                </xs:sequence>
              </xs:complexType>
            </xs:element>
            <xs:element name="settings">
              <xs:complexType>
                <xs:sequence>
                  <xs:element name="emailCallbackLink" type="xs:string"
                    default="" minOccurs="0" />
                </xs:sequence>
              </xs:complexType>
            </xs:element>
          </xs:choice>
        </xs:complexType>
      </xs:element>
    </xs:schema>
    <diffgr:diffgram xmlns:msdata="urn:schemas-microsoft-com:xml-msdata"
      xmlns:diffgr="urn:schemas-microsoft-com:xml-diffgram-v1">
      <offerrequest xmlns="http://www.nativy.com/nis">
        <customer diffgr:id="customer1" msdata:rowOrder="0"
          diffgr:hasChanges="inserted" customerId="mailto:demo@nativy.com">
          <customerEmail>!customerEmail</customerEmail>
          <customerFirstName>!customerFirstName</customerFirstName>
          <customerLastName>!customerLastName</customerLastName>
        </customer>
        <languages diffgr:id="languages1" msdata:rowOrder="0"
          diffgr:hasChanges="inserted" primaryLangCode="!primaryLangCode"
          msdata:hiddenlanguages_Id="0">
          <language diffgr:id="language1" msdata:rowOrder="0"
            diffgr:hasChanges="inserted" langCode="!langCode"
            msdata:hiddenlanguages_Id="0" />
        </languages>
        <textblocks diffgr:id="textblocks1" msdata:rowOrder="0"
          diffgr:hasChanges="inserted" msdata:hiddentextblocks_Id="0">
          !textblocks
        </textblocks>
        <settings diffgr:id="settings1" msdata:rowOrder="0"
          diffgr:hasChanges="inserted">
          <emailCallbackLink>!emailCallbackLink</emailCallbackLink>
        </settings>
      </offerrequest>
    </diffgr:diffgram>
  </requ>
</CreateOffer>